CREATE DATABASE  IF NOT EXISTS `drd` /*!40100 DEFAULT CHARACTER SET utf8 */;
USE `drd`;
-- MySQL dump 10.13  Distrib 8.0.17, for Win64 (x86_64)
--
-- Host: localhost    Database: drd
-- ------------------------------------------------------
-- Server version	5.7.26

/*!40101 SET @OLD_CHARACTER_SET_CLIENT=@@CHARACTER_SET_CLIENT */;
/*!40101 SET @OLD_CHARACTER_SET_RESULTS=@@CHARACTER_SET_RESULTS */;
/*!40101 SET @OLD_COLLATION_CONNECTION=@@COLLATION_CONNECTION */;
/*!50503 SET NAMES utf8 */;
/*!40103 SET @OLD_TIME_ZONE=@@TIME_ZONE */;
/*!40103 SET TIME_ZONE='+00:00' */;
/*!40014 SET @OLD_UNIQUE_CHECKS=@@UNIQUE_CHECKS, UNIQUE_CHECKS=0 */;
/*!40014 SET @OLD_FOREIGN_KEY_CHECKS=@@FOREIGN_KEY_CHECKS, FOREIGN_KEY_CHECKS=0 */;
/*!40101 SET @OLD_SQL_MODE=@@SQL_MODE, SQL_MODE='NO_AUTO_VALUE_ON_ZERO' */;
/*!40111 SET @OLD_SQL_NOTES=@@SQL_NOTES, SQL_NOTES=0 */;

--
-- Table structure for table `authorplay`
--

DROP TABLE IF EXISTS `authorplay`;
/*!40101 SET @saved_cs_client     = @@character_set_client */;
/*!50503 SET character_set_client = utf8mb4 */;
CREATE TABLE `authorplay` (
  `idPerson` int(11) NOT NULL,
  `idPlay` int(11) NOT NULL,
  PRIMARY KEY (`idPerson`,`idPlay`),
  KEY `fkPlayPw_idx` (`idPlay`),
  CONSTRAINT `fkAuthorPlay` FOREIGN KEY (`idPerson`) REFERENCES `person` (`idPerson`) ON DELETE NO ACTION ON UPDATE NO ACTION,
  CONSTRAINT `fkPlayAuthor` FOREIGN KEY (`idPlay`) REFERENCES `play` (`idPlay`) ON DELETE NO ACTION ON UPDATE NO ACTION
) ENGINE=InnoDB DEFAULT CHARSET=utf8;
/*!40101 SET character_set_client = @saved_cs_client */;

--
-- Dumping data for table `authorplay`
--

LOCK TABLES `authorplay` WRITE;
/*!40000 ALTER TABLE `authorplay` DISABLE KEYS */;
INSERT INTO `authorplay` VALUES (21,12),(73,13),(14,14),(114,14),(107,15),(115,15),(29,16),(84,16),(114,17),(9,18),(14,18),(73,19),(44,20),(115,21),(71,22),(14,23),(116,24),(10,25),(1,26),(112,27),(88,28),(117,29),(112,30),(52,31),(115,32),(112,33),(37,34),(19,35),(112,37),(35,38),(55,39),(4,40),(108,41),(18,42),(69,43),(118,44),(119,45),(21,46),(112,47),(57,48),(120,49),(60,50),(60,51),(73,52),(115,52),(1,53),(84,54),(28,55),(64,56),(35,57),(70,58),(57,59),(60,60),(60,61),(38,62),(60,63),(64,64),(4,65),(28,66),(57,66),(84,66),(85,66),(9,67),(14,67),(77,68),(113,69),(65,70),(121,71),(117,72),(67,73),(46,74),(57,75),(71,76),(122,77),(57,78),(57,79),(70,80),(112,81),(111,82),(123,83),(117,84),(64,85),(54,86),(17,87),(73,88),(41,89),(42,89),(43,89),(73,90),(35,91),(75,92),(73,93),(4,94),(21,95),(124,96),(47,97),(125,98),(76,99),(70,100),(126,101),(4,102),(35,103),(73,104),(113,105),(73,106),(4,107),(10,108),(39,109),(48,110),(70,110),(110,111),(127,112),(76,113),(82,114),(76,115),(122,116),(130,117),(49,118),(9,119),(14,119),(4,120),(131,121),(30,122),(64,123),(39,124),(73,124),(114,125),(16,126),(112,127),(64,128),(14,129),(4,130),(17,131),(4,132),(17,133),(132,134),(64,135),(112,135),(60,136),(73,137),(60,138),(70,139),(73,140),(9,141),(14,141),(4,142),(69,143),(93,143),(102,143),(103,143),(104,143),(71,144),(120,145),(49,146),(118,147),(73,148),(14,149),(73,150),(133,151),(4,152),(14,153),(62,154),(113,155),(112,156),(134,157),(114,158),(35,159),(62,160),(10,161),(26,162),(64,163),(4,164),(114,165),(68,166),(135,167),(100,168),(90,169),(57,170),(136,171),(35,172),(66,173),(19,174),(120,175),(10,176),(13,177),(112,178),(117,179),(114,180),(14,181),(44,181),(17,182),(53,183),(44,184),(76,185),(76,186),(113,187),(132,188),(14,189),(14,190),(137,190),(51,191),(115,192),(139,192),(76,193),(108,194),(117,195),(4,196),(92,196),(113,197),(10,198),(138,199),(40,200),(35,201),(134,202),(53,203),(70,204),(112,205),(112,206),(105,207),(76,208),(4,209),(4,210),(4,211),(139,211),(63,212),(27,213),(63,214),(110,215),(35,216),(76,217),(9,218),(14,218),(14,219),(44,219),(34,220),(122,221),(10,222),(35,223),(35,224),(8,225),(56,226),(98,227),(89,228),(14,229),(44,229),(15,230),(64,231),(112,231),(62,232),(10,233),(14,234),(70,235),(113,236),(52,237),(26,238),(87,239),(4,240),(4,241),(49,242),(140,243),(14,244),(10,245),(48,246),(141,247),(4,248),(10,249),(70,250),(114,252),(10,253),(116,254),(76,255),(17,256),(33,257),(110,258),(76,259),(50,260),(1,261),(76,262),(53,263),(34,264),(70,265),(23,267),(117,268),(35,269),(17,270),(73,271),(84,271),(71,272),(73,272),(71,273),(14,274),(27,275),(60,276),(112,277),(53,278),(112,278),(84,279),(73,280),(114,280),(14,281),(8,282),(18,283),(112,284),(9,285),(131,286),(71,287),(39,288),(73,288),(71,289),(121,291),(142,291),(87,292),(9,293),(14,293),(113,294),(12,295),(128,296),(98,297),(84,298),(14,299),(10,300),(14,302),(14,303),(115,303),(9,304),(14,304),(143,305),(134,306),(51,307),(39,308),(129,309),(25,310),(115,311),(139,311),(4,312),(73,313),(71,314),(35,315),(4,316),(11,317),(120,318),(141,319),(69,320),(14,321),(18,322),(62,323),(76,324),(23,325),(117,326),(60,328),(14,329),(110,330),(39,331),(144,332),(36,333),(22,334),(64,335),(60,336),(139,337),(145,338),(63,339),(4,340),(5,341),(137,342),(4,343),(44,344),(14,345),(137,345),(10,346),(72,347),(8,348),(112,349),(64,350),(39,351),(59,352),(143,353),(13,354),(107,354),(10,355),(10,356),(10,357),(86,358),(71,359),(72,359),(114,360),(49,361),(86,362),(127,363),(76,364),(9,365),(14,365),(14,366),(44,366),(84,367),(124,368),(141,369),(114,370),(39,371),(39,372),(60,373),(76,374),(51,375),(101,376),(45,377),(117,378),(14,379),(44,379),(112,380),(115,381),(139,381),(120,382),(61,383),(6,384),(112,385),(101,386),(71,387),(53,388),(14,389),(39,390),(73,390),(112,390),(39,391),(71,391),(73,391),(112,391),(10,392),(146,393),(101,394),(64,395),(7,396),(76,397),(27,398),(39,399),(91,400),(4,401),(79,402),(8,403),(51,404),(116,406),(41,407),(44,407),(71,408),(114,409),(76,411),(107,412),(139,413),(112,414),(14,415),(49,416),(39,417),(76,418),(71,419),(9,420),(148,421),(51,423),(113,424),(76,425),(10,426),(64,427),(60,428),(60,429),(109,430),(35,431),(131,432),(117,433),(73,434),(113,434),(149,435),(29,436),(114,437),(124,438),(74,439),(83,440),(112,441),(17,442),(4,444),(73,445),(112,446),(14,447),(106,447),(117,448),(8,449),(57,450),(58,451),(118,453),(9,454),(14,454),(20,455),(14,456),(60,458),(17,459),(60,460),(66,461),(66,462),(53,463);
/*!40000 ALTER TABLE `authorplay` ENABLE KEYS */;
UNLOCK TABLES;

--
-- Table structure for table `location`
--

DROP TABLE IF EXISTS `location`;
/*!40101 SET @saved_cs_client     = @@character_set_client */;
/*!50503 SET character_set_client = utf8mb4 */;
CREATE TABLE `location` (
  `idLocation` int(11) NOT NULL,
  `street` varchar(100) DEFAULT NULL,
  `Sign` varchar(45) DEFAULT NULL,
  `LatLongPoint` point DEFAULT NULL,
  PRIMARY KEY (`idLocation`)
) ENGINE=InnoDB DEFAULT CHARSET=utf8;
/*!40101 SET character_set_client = @saved_cs_client */;

--
-- Dumping data for table `location`
--

LOCK TABLES `location` WRITE;
/*!40000 ALTER TABLE `location` DISABLE KEYS */;
INSERT INTO `location` VALUES (1,'Cornhill, over against the Royal Exchange','the Golden Ball',NULL),(2,'Chancery Lane','the Judges Head',NULL),(3,'Russel Street in Covent Garden',NULL,NULL),(4,'the lower Walk of the New Exchange in the Strand','the Pope\'s Head',NULL),(5,'against the Globe Tavern in Fleet Street','the Marigold',NULL),(6,'the lower Walk of the New Exchange','the Blue Anchor',NULL),(7,'St. Paul\'s Churchyard','the Red Lion',NULL),(8,'St. Paul\'s Churchyard','the Ship',NULL),(9,'the Royal Exchange, Fleet Street, and Westminster Hall',NULL,NULL),(10,'Inner Temple Gate','the Rainbow',NULL),(11,'Dorset Garden Theatre',NULL,NULL),(12,'At Court',NULL,NULL),(13,'Theatre in Lincoln\'s Inn Fields',NULL,NULL),(14,'Theatre Royal, Bridges Street',NULL,NULL),(15,'Theatre Royal, Drury Lane',NULL,NULL),(16,'Ludgate Hill',NULL,NULL);
/*!40000 ALTER TABLE `location` ENABLE KEYS */;
UNLOCK TABLES;

--
-- Table structure for table `performance`
--

DROP TABLE IF EXISTS `performance`;
/*!40101 SET @saved_cs_client     = @@character_set_client */;
/*!50503 SET character_set_client = utf8mb4 */;
CREATE TABLE `performance` (
  `idPerformance` int(11) NOT NULL,
  `PerformanceDate` date DEFAULT NULL,
  `Company` varchar(45) DEFAULT NULL,
  `Playhouse` varchar(45) DEFAULT NULL,
  `idLocation` int(11) DEFAULT NULL,
  `idPlay` int(11) DEFAULT NULL,
  `Provenance` text,
  PRIMARY KEY (`idPerformance`),
  KEY `idPerfLoc_idx` (`idLocation`),
  KEY `fkPerfPlay_idx` (`idPlay`),
  CONSTRAINT `fkPerfLoc` FOREIGN KEY (`idLocation`) REFERENCES `location` (`idLocation`) ON DELETE NO ACTION ON UPDATE NO ACTION,
  CONSTRAINT `fkPerfPlay` FOREIGN KEY (`idPlay`) REFERENCES `play` (`idPlay`) ON DELETE NO ACTION ON UPDATE NO ACTION
) ENGINE=InnoDB DEFAULT CHARSET=utf8;
/*!40101 SET character_set_client = @saved_cs_client */;

--
-- Dumping data for table `performance`
--

LOCK TABLES `performance` WRITE;
/*!40000 ALTER TABLE `performance` DISABLE KEYS */;
INSERT INTO `performance` VALUES (1,NULL,'King\'s Company','Drury Lane',15,434,NULL),(2,NULL,'Duke\'s Company','Dorset Garden',11,357,NULL),(3,'1681-04-04','Duke\'s Company','Dorset Garden',11,357,'L. C. 5/145');
/*!40000 ALTER TABLE `performance` ENABLE KEYS */;
UNLOCK TABLES;

--
-- Table structure for table `performancerole`
--

DROP TABLE IF EXISTS `performancerole`;
/*!40101 SET @saved_cs_client     = @@character_set_client */;
/*!50503 SET character_set_client = utf8mb4 */;
CREATE TABLE `performancerole` (
  `idPerformance` int(11) NOT NULL,
  `idRole` int(11) NOT NULL,
  PRIMARY KEY (`idPerformance`,`idRole`),
  KEY `fkRolePerformance_idx` (`idRole`),
  CONSTRAINT `fkPerformanceRole` FOREIGN KEY (`idPerformance`) REFERENCES `performance` (`idPerformance`) ON DELETE NO ACTION ON UPDATE NO ACTION,
  CONSTRAINT `fkRolePerformance` FOREIGN KEY (`idRole`) REFERENCES `role` (`idRole`) ON DELETE NO ACTION ON UPDATE NO ACTION
) ENGINE=InnoDB DEFAULT CHARSET=utf8;
/*!40101 SET character_set_client = @saved_cs_client */;

--
-- Dumping data for table `performancerole`
--

LOCK TABLES `performancerole` WRITE;
/*!40000 ALTER TABLE `performancerole` DISABLE KEYS */;
/*!40000 ALTER TABLE `performancerole` ENABLE KEYS */;
UNLOCK TABLES;

--
-- Table structure for table `person`
--

DROP TABLE IF EXISTS `person`;
/*!40101 SET @saved_cs_client     = @@character_set_client */;
/*!50503 SET character_set_client = utf8mb4 */;
CREATE TABLE `person` (
  `idPerson` int(11) NOT NULL,
  `FirstName` varchar(45) DEFAULT NULL,
  `LastName` varchar(45) DEFAULT NULL,
  `BirthDate` varchar(45) DEFAULT NULL,
  `DeathDate` varchar(45) DEFAULT NULL,
  `CourtTitle` varchar(45) DEFAULT NULL,
  PRIMARY KEY (`idPerson`)
) ENGINE=InnoDB DEFAULT CHARSET=utf8;
/*!40101 SET character_set_client = @saved_cs_client */;

--
-- Dumping data for table `person`
--

LOCK TABLES `person` WRITE;
/*!40000 ALTER TABLE `person` DISABLE KEYS */;
INSERT INTO `person` VALUES (1,'John','Suckling',NULL,NULL,'Sir'),(2,'T.','W.',NULL,NULL,NULL),(3,'Humphrey','Moseley',NULL,NULL,NULL),(4,' ','Anonymous',NULL,NULL,NULL),(5,'Joseph','Arrowsmith',NULL,NULL,NULL),(6,'Abraham','Bailey',NULL,NULL,NULL),(7,'John','Bancroft',NULL,NULL,NULL),(8,'John','Banks',NULL,NULL,NULL),(9,'Francis','Beaumont',NULL,NULL,NULL),(10,'Aphra','Behn',NULL,NULL,NULL),(11,'Peter','Belon',NULL,NULL,NULL),(12,'William','Berkeley',NULL,NULL,NULL),(13,'Thomas','Betterton',NULL,NULL,NULL),(14,'John','Fletcher',NULL,NULL,NULL),(15,'John','Webster',NULL,NULL,NULL),(16,'Frances','Boothby',NULL,NULL,NULL),(17,'Roger','Boyle',NULL,NULL,NULL),(18,'Richard','Brome',NULL,NULL,NULL),(19,'John','Bulteel',NULL,NULL,NULL),(20,'William','Camberlayne',NULL,NULL,NULL),(21,'Lodowick','Carlell',NULL,NULL,NULL),(22,'Richard','Carpenter',NULL,NULL,NULL),(23,'George','Cartwright',NULL,NULL,NULL),(24,'William','Cartwright',NULL,NULL,NULL),(25,'Henry','Cary',NULL,NULL,NULL),(26,'John','Caryll',NULL,NULL,NULL),(27,'William','Cavendish',NULL,NULL,NULL),(28,'George','Chapman',NULL,NULL,NULL),(29,'Aston','Cokayne',NULL,NULL,NULL),(30,'Edward','Cooke',NULL,NULL,NULL),(31,'John','Cooke',NULL,NULL,NULL),(32,'Pierre','Corneille',NULL,NULL,NULL),(33,'John','Corye',NULL,NULL,NULL),(34,'Abraham','Cowley',NULL,NULL,NULL),(35,'John','Crowne',NULL,NULL,NULL),(36,'Robert','Daborne',NULL,NULL,NULL),(37,'John','Dancer',NULL,NULL,NULL),(38,'Charles','Davenant',NULL,NULL,NULL),(39,'William','Davenant',NULL,NULL,NULL),(40,'Robert','Davenport',NULL,NULL,NULL),(41,'Thomas','Dekker',NULL,NULL,NULL),(42,'Michael','Drayton',NULL,NULL,NULL),(43,'Robert','Wilson',NULL,NULL,NULL),(44,'Philip','Massinger',NULL,NULL,NULL),(45,'John','Denham',NULL,NULL,NULL),(46,'George','Digby',NULL,NULL,NULL),(47,'Richard','Head',NULL,NULL,NULL),(48,'William','Heminge',NULL,NULL,NULL),(49,'Thomas','Heywood',NULL,NULL,NULL),(50,'John','Holden',NULL,NULL,NULL),(51,'Edward','Howard',NULL,NULL,NULL),(52,'James','Howard',NULL,NULL,NULL),(53,'Robert','Howard',NULL,NULL,NULL),(54,'I.','T.',NULL,NULL,NULL),(55,'J.','S.',NULL,NULL,NULL),(56,'Thomas','Jevon',NULL,NULL,NULL),(57,'Ben','Jonson',NULL,NULL,NULL),(58,'Thomas','Jordan',NULL,NULL,NULL),(59,'William','Joyner',NULL,NULL,NULL),(60,'Thomas','Killigrew',NULL,NULL,NULL),(61,'Thomas','Kyd',NULL,NULL,NULL),(62,'John','Lacy',NULL,NULL,NULL),(63,'John','Learned',NULL,NULL,NULL),(64,'Nathaniel','Lee',NULL,NULL,NULL),(65,'George','Lesly',NULL,NULL,NULL),(66,'William','Lower',NULL,NULL,NULL),(67,'Thomas','Rymer',NULL,NULL,NULL),(68,'Charles','Saunders',NULL,NULL,NULL),(69,'Charles','Sedley',NULL,NULL,NULL),(70,'Elkanah','Settle',NULL,NULL,NULL),(71,'Thomas','Shadwell',NULL,NULL,NULL),(72,'John','Fountain',NULL,NULL,NULL),(73,'William','Shakespeare',NULL,NULL,NULL),(74,'Edward','Sherburne',NULL,NULL,NULL),(75,'Thomas','Shipman',NULL,NULL,NULL),(76,'James','Shirley',NULL,NULL,NULL),(77,'John','Smith',NULL,NULL,NULL),(78,'Thomas','Southerne',NULL,NULL,NULL),(79,'Thomas','Southland',NULL,NULL,NULL),(80,'Thomas','St. Serfe',NULL,NULL,NULL),(81,'Robert','Stapylton',NULL,NULL,NULL),(82,'T.','B.',NULL,NULL,NULL),(83,'J.','Talbot',NULL,NULL,NULL),(84,'Nahum','Tate',NULL,NULL,NULL),(85,'John','Marston',NULL,NULL,NULL),(86,'John','Tatham',NULL,NULL,NULL),(87,'Thomas','Thomson',NULL,NULL,NULL),(88,'Thomas','Tomkis',NULL,NULL,NULL),(89,'Richard','Tuke',NULL,NULL,NULL),(90,'Samuel','Tuke',NULL,NULL,NULL),(91,'John','Tutchin',NULL,NULL,NULL),(92,'W.','R.',NULL,NULL,NULL),(93,'Edmund','Waller',NULL,NULL,NULL),(94,'Edward','Sherburne',NULL,NULL,NULL),(95,'Thomas','Shipman',NULL,NULL,NULL),(96,'James','Shirley',NULL,NULL,NULL),(97,'John','Smith',NULL,NULL,NULL),(98,'Thomas','Southerne',NULL,NULL,NULL),(99,'Thomas','Southland',NULL,NULL,NULL),(100,'Thomas','St. Serfe',NULL,NULL,NULL),(101,'Robert','Stapylton',NULL,NULL,NULL),(102,'Edward','Filmer',NULL,NULL,NULL),(103,'Sidney','Godolphin',NULL,NULL,NULL),(104,'Charles','Sackville',NULL,NULL,NULL),(105,'William','Whitaker',NULL,NULL,NULL),(106,'John','Wilmot',NULL,NULL,NULL),(107,'John','Webster',NULL,NULL,NULL),(108,'John','Wilson',NULL,NULL,NULL),(109,'John','Wright',NULL,NULL,NULL),(110,'William','Wycherley',NULL,NULL,NULL),(111,'Richard','Rhodes',NULL,NULL,NULL),(112,'John','Dryden',NULL,NULL,NULL),(113,'Edward','Ravenscroft',NULL,NULL,NULL),(114,'Thomas','D\'Urfey',NULL,NULL,NULL),(115,'William','Rowley',NULL,NULL,NULL),(116,'Thomas','Porter',NULL,NULL,NULL),(117,'Thomas','Otway',NULL,NULL,NULL),(118,'Henry','Glapthorne',NULL,NULL,NULL),(119,'Pierre','Perrin',NULL,NULL,NULL),(120,'Thomas','Duffet',NULL,NULL,NULL),(121,'Christopher','Marlowe',NULL,NULL,NULL),(122,'Richard','Flecknoe',NULL,NULL,NULL),(123,'Robert','Greene',NULL,NULL,NULL),(124,'Samuel','Pordage',NULL,NULL,NULL),(125,'Katherine','Phillips',NULL,NULL,NULL),(126,'Ferdinando','Parkhurst',NULL,NULL,NULL),(127,'Francis','Fane',NULL,NULL,NULL),(128,'Lewis','Maidwell',NULL,NULL,NULL),(129,'M.','W.',NULL,NULL,NULL),(130,'Thomas','Forde',NULL,NULL,NULL),(131,'John','Ford',NULL,NULL,NULL),(132,'Edward','Ecclestone',NULL,NULL,NULL),(133,'N.','N.',NULL,NULL,NULL),(134,'George','Etherege',NULL,NULL,NULL),(135,'Matthew','Medbourne',NULL,NULL,NULL),(136,'John','Weston',NULL,NULL,NULL),(137,'George','Villiers',NULL,NULL,NULL),(138,'Jasper','Mayne',NULL,NULL,NULL),(139,'Thomas','Middleton',NULL,NULL,NULL),(140,'Richard','Fanshawe',NULL,NULL,NULL),(141,'Henry Nevil','Payne',NULL,NULL,NULL),(142,'William','Mountfort',NULL,NULL,NULL),(143,'John','Dover',NULL,NULL,NULL),(144,'Alex','Greene',NULL,NULL,NULL),(145,'William','Habington',NULL,NULL,NULL),(146,'Edward','Revet',NULL,NULL,NULL),(147,'Thomas','Randolph',NULL,NULL,NULL),(148,'Nathan','Field',NULL,NULL,NULL),(149,'Thomas','Rawlins',NULL,NULL,NULL),(150,'J.','B.',NULL,NULL,NULL),(151,'J.','Hindmarsh',NULL,NULL,NULL),(152,'A.','B.',NULL,NULL,NULL),(153,'S.','M.',NULL,NULL,NULL),(154,'Langley','Curtis',NULL,NULL,NULL),(155,'Edward','Angel',NULL,NULL,NULL),(156,'William','Beeston',NULL,NULL,NULL),(157,'William','Betterton',NULL,NULL,NULL),(158,'James','Dixon',NULL,NULL,NULL),(159,NULL,'Floid',NULL,NULL,NULL),(160,'Edward','Kynaston',NULL,NULL,NULL),(161,'Thomas','Lilliston',NULL,NULL,NULL),(162,'Thomas','Lovell',NULL,NULL,NULL),(163,'John','Moseley',NULL,NULL,NULL),(164,'James','Nokes',NULL,NULL,NULL),(165,'Robert','Nokes',NULL,NULL,NULL),(166,'Thomas','Sheppey',NULL,NULL,NULL),(167,'Anthony','Turner',NULL,NULL,NULL),(168,'Cave','Underhill',NULL,NULL,NULL),(169,'Edward','Shatterell',NULL,NULL,NULL),(170,'Nicholas','Burt',NULL,NULL,NULL),(171,'Theophilus','Bird',NULL,NULL,NULL),(172,NULL,'Bateman',NULL,NULL,NULL),(173,'Walter','Clun',NULL,NULL,NULL),(174,'Charles','Hart',NULL,NULL,NULL),(175,'Michael','Mohun',NULL,NULL,NULL),(176,'Robert','Shatterell',NULL,NULL,NULL),(177,'William','Wintershall',NULL,NULL,NULL),(178,'Edward','Shatterell',NULL,NULL,NULL),(179,'Robert','Topott',NULL,NULL,NULL),(180,'Marmaduke','Watson',NULL,NULL,NULL),(181,'Anne','Marshall',NULL,NULL,NULL),(182,'Rebecca','Marshall',NULL,NULL,NULL),(183,'Katherine','Michel',NULL,NULL,NULL),(184,'Jane','Russell',NULL,NULL,NULL),(185,'Margaret','Rutter',NULL,NULL,NULL),(186,'Elizabeth','Weaver',NULL,NULL,NULL),(187,'Richard','Baxter',NULL,NULL,NULL),(188,'Nicholas','Blagden',NULL,NULL,NULL),(189,'Philip','Cademan',NULL,NULL,NULL),(190,'Thomas','Cross',NULL,NULL,NULL),(191,NULL,'Dacres',NULL,NULL,NULL),(192,'John','Downes',NULL,NULL,NULL),(193,'Henry','Harris',NULL,NULL,NULL),(194,'Thomas','Loveday',NULL,NULL,NULL),(195,'Joseph','Price',NULL,NULL,NULL),(196,'John','Richards',NULL,NULL,NULL),(197,'Hester','Davenport',NULL,NULL,NULL),(198,'Mary','Saunderson',NULL,NULL,NULL),(199,'Anne','Gibbs',NULL,NULL,NULL),(200,'George','Jolly',NULL,NULL,NULL),(1001,'Lauren','Liebe',NULL,NULL,NULL);
/*!40000 ALTER TABLE `person` ENABLE KEYS */;
UNLOCK TABLES;

--
-- Table structure for table `play`
--

DROP TABLE IF EXISTS `play`;
/*!40101 SET @saved_cs_client     = @@character_set_client */;
/*!50503 SET character_set_client = utf8mb4 */;
CREATE TABLE `play` (
  `idPlay` int(11) NOT NULL,
  `PlayTitle` varchar(150) DEFAULT NULL,
  `Genre` varchar(45) DEFAULT NULL,
  `SettingTime` varchar(45) DEFAULT NULL,
  `SettingPlace` varchar(45) DEFAULT NULL,
  PRIMARY KEY (`idPlay`)
) ENGINE=InnoDB DEFAULT CHARSET=utf8;
/*!40101 SET character_set_client = @saved_cs_client */;

--
-- Dumping data for table `play`
--

LOCK TABLES `play` WRITE;
/*!40000 ALTER TABLE `play` DISABLE KEYS */;
INSERT INTO `play` VALUES (12,'Arviragus and Philicia (Part 2)','Tragicomedy',NULL,NULL),(13,'1 Henry IV','History','Reign of Henry IV','England'),(14,'A Commonwealth of Women','Comedy','Present','Island'),(15,'A Cure for a Cuckold','Comedy','Present','London'),(16,'A Duke and No Duke','Farce',NULL,'Florence'),(17,'A Fond Husband; or, The Plotting Sisters','Comedy','Present','London'),(18,'A King and No King','Tragicomedy',NULL,'Iberia'),(19,'A Midsummer Night\'s Dream','Comedy','Ancient','Athens'),(20,'A New Way to Pay Old Debts','Comedy','Present','Nottinghamshire'),(21,'A Shoemaker a Gentleman','Comedy','4th Century','Roman Britain'),(22,'A True Widow','Comedy','Present','London'),(23,'A Wife for a Month','Tragicomedy',NULL,'Naples'),(24,'A Witty Combat; or, The Female Victor','Tragicomedy','Recent Past','London'),(25,'Abdelazer; or, The Moor\'s Revenge','Tragedy','1598','Spain'),(26,'Aglaura','Tragedy',NULL,'Persia'),(27,'Albion and Albanius','Opera','Allegorical Present','England'),(28,'Albumazar','Comedy','9th Century','Persia'),(29,'Alcibiades','Tragedy','5th Century BCE','Athens'),(30,'All for Love; or, The World Well Lost','Tragedy','1st Century BCE','Alexandria'),(31,'All Mistaken; or, The Mad Couple','Comedy',NULL,'Italy'),(32,'All\'s Lost by Lust','Tragedy','8th Century','Spain'),(33,'Amboyna','Tragedy','1623','Ambon Island, Indonesia'),(34,'Aminta: The Famous Pastoral','Pastoral',NULL,NULL),(35,'Amorous Orontus; or, Love in Fashion','Comedy','Present','London'),(37,'An Evening\'s Love; or, The Mock Astrologer','Comedy','1665','Madrid'),(38,'Andromache','Tragedy','Ancient','Troy'),(39,'Andromana; or, The Merchant\'s Wife','Tragedy',NULL,'Iberia'),(40,'Andronicus',NULL,NULL,NULL),(41,'Andronicus Comenius','Tragedy',NULL,NULL),(42,'Antipodes','Comedy','Present','London'),(43,'Antony and Cleopatra','Tragedy','1st Century BCE','Alexandria'),(44,'Argalus and Parthenia',NULL,NULL,NULL),(45,'Ariadne; or, The Marriage of Bacchus','Opera','Ancient','Naxos'),(46,'Arviragus and Philicia (Part 1)','Tragicomedy',NULL,NULL),(47,'Aureng-zebe','Heroic Tragedy','Present','India'),(48,'Bartholomew Fair','Comedy','Present','London'),(49,'Beauties Triumph','Masque',NULL,NULL),(50,'Bellamira, Her Dream; or, The Love of Shadows (Part 1)','Tragicomedy','Present','Naples and Sicily'),(51,'Bellamira, Her Dream; or, The Love of Shadows (Part 2)','Tragicomedy','Present','Naples and Sicily'),(52,'Birth of Merlin; or, The Child hath found his Father','Comedy','Arthurian','England'),(53,'Brenoralt; or, The Discontented Colonel','Tragicomedy','14th Century','Poland'),(54,'Brutus of Alba; or, The Enchanted Lovers','Tragedy','1st Century BCE','Syracuse'),(55,'Bussy D\'Ambois','History','16th Century','Paris'),(56,'Caesar Borgia, Son of Pope Alexander the Sixth','Tragedy','16th Century ','Rome'),(57,'Calisto; or, The Chaste Nymph','Masque',NULL,'Arcadia'),(58,'Cambyses, King of Persia','Tragedy','6th Century BCE','Susa'),(59,'Catiline','Tragedy','1st Century BCE','Rome'),(60,'Cicilia and Clorinda; or, Love in Arms (Part 1)','Tragicomedy',NULL,'Lombardy'),(61,'Cicilia and Clorinda; or, Love in Arms (Part 2)','Tragicomedy',NULL,'Lombardy'),(62,'Circe','Opera','Ancient','Greece'),(63,'Claricilla','Tragicomedy',NULL,'Sicily'),(64,'Constantine the Great','Tragedy','3rd Century','Rome'),(65,'Cromwell\'s Conspiracy','Tragicomedy','Recent History','England'),(66,'Cuckolds-Haven; or, An Alderman No Conjurer','Farce','Present','London'),(67,'Cupid\'s Revenge','Tragedy',NULL,'Lycia'),(68,'Cytherea; or, The Enamouring Girdle','Comedy',NULL,NULL),(69,'Dame Dobson; or, The Cunning Woman','Comedy','Present','London'),(70,'Divine Dialogues; Viz. Dive\'s Doom, Sodom\'s Flames, and Abraham\'s Faith','Religious',NULL,NULL),(71,'The Tragical History of Doctor Faustus','Tragedy','16th Century','Wittenburg'),(72,'Don Carlos, Prince of Spain','Tragedy','16th Century','Spain'),(73,'Edgar; or, The English Monarch','Tragedy','10th Century','England'),(74,'Elvira; or, The Worst Not Always True','Comedy',NULL,'Valencia'),(75,'Epicoene; or, The Silent Woman','Comedy','Present','London'),(76,'Epsom Wells','Comedy','Present','Epsom'),(77,'Ermina; or, The Fair and Vertuous Lady','Tragicomedy',NULL,'Messenia'),(78,'Every Man in His Humour','Comedy','Present','London'),(79,'Every Man out of His Humour','Comedy','Present','London'),(80,'Fatal Love; or, The Forc\'d Inconstancy','Tragedy',NULL,'Cyprus'),(81,'Feign\'d Innocence; or, Sir Martin Marall','Comedy','Present','Covent Garden'),(82,'Flora\'s Vagaries','Comedy',NULL,NULL),(83,'Friar Bacon and Friar Bungay','Comedy','13th Century','England'),(84,'Friendship in Fashion','Comedy','Present','London'),(85,'Gloriana; or, The Court of Augustus Caesar','Tragedy','1st Century','Rome'),(86,'Grim the Collier of Croyden; or, The Devil and His Dame','Comedy','16th Century','Croydon'),(87,'Guzman','Comedy',NULL,NULL),(88,'Hamlet','Tragedy',NULL,'Denmark'),(89,'Hannibal and Hermes','Comedy','Ancient','Carthage'),(90,'Henry V','History','15th Century','England'),(91,'Henry the Sixth: The First Part, With the Murder of Humphrey Duke of Glocester','History','15th Century','England'),(92,'Henry the Third of France Stabb\'d by a Fryer','Tragedy','16th Century','France'),(93,'Henry VIII; or, All is True','History','16th Century','England'),(94,'Heraclius',NULL,NULL,NULL),(95,'Heraclius, Emperour of the East','Tragedy','7th Century','Constantinople'),(96,'Herod and Mariamne','Tragedy','1st Century BCE','Jerusalem'),(97,'Hic et Ubique; or, The Humours of Dublin','Comedy',NULL,NULL),(98,'Horace','History','Ancient','Rome'),(99,'Hyde Park','Comedy','Present','Hyde Park'),(100,'Ibrahim the Illustrious Bassa','Tragedy','16th Century','Turkey'),(101,'Ignoramus; or, The Academical Lawyer','Comedy',NULL,NULL),(102,'Irena','Tragedy',NULL,'Turkey'),(103,'Juliana; or, The Princess of Poland','Tragicomedy','Recent Past','Warsaw'),(104,'Julius Caesar','Tragedy','1st Century BCE','Rome'),(105,'King Edgar and Alfreda','Tragicomedy','10th Century','Mercia'),(106,'King Lear','Tragedy','Ancient','Britain'),(107,'Knavery in All Trades; or, The Coffee-House','Comedy','Present','London'),(108,'Like Father, Like Son; or, The Mistaken Brothers','Comedy',NULL,NULL),(109,'Love and Honour','Tragicomedy',NULL,'Savoy'),(110,'Love and Revenge','Tragedy','6th Century','France'),(111,'Love in a Wood; or, St. James\'s Park','Comedy','Present','St. James\'s Park'),(112,'Love in the Dark; or, The Man of Bus\'ness','Comedy','16th Century','Venice'),(113,'Love Tricks; or, The School of Compliments','Comedy',NULL,NULL),(114,'Love Will Find out the Way',NULL,NULL,NULL),(115,'Love\'s Cruelty','Tragedy',NULL,'Ferrara'),(116,'Love\'s Kingdom','Tragicomedy','Ancient','Cyprus'),(117,'Love\'s Labyrinth; or, The Royal Shepherdess','Tragicomedy','Ancient','Arcadia'),(118,'Love\'s Mistress; or, The Queen\'s Masque','Masque',NULL,NULL),(119,'Love\'s Pilgrimage','Tragicomedy',NULL,NULL),(120,'Love\'s Quarrel',NULL,NULL,NULL),(121,'Love\'s Sacrifice','Tragedy','16th Century','Venosa'),(122,'Love\'s Triumph; or, The Royal Union','Tragedy','4th Century BCE','Babylon'),(123,'Lucius Junius Brutus, Father of His Country','Tragedy','6th Century','Rome'),(124,'Macbeth','Tragedy','11th Century','Scotland'),(125,'Madam Fickle; or, The Witty False One','Comedy','Present','Covent Garden'),(126,'Marcelia; or, The Treacherous Friend','Tragicomedy','14th Century','France'),(127,'Marriage a la Mode','Comedy',NULL,'Sicily'),(128,'Mithridates, King of Pontus','Tragedy','2nd Century','Pontus'),(129,'Monsieur Thomas','Comedy',NULL,NULL),(130,'Moral Interlude: The Traitor to Himself; or, Man\'s Heart His Greatest Enemy','Interlude',NULL,NULL),(131,'Mr. Anthony','Comedy','Present','England'),(132,'Mr. Turbulent; or, The Melanchollicks','Comedy','Present','Moorfields'),(133,'Mustapha, The Son of Solyman the Magnificent','Tragedy','16th Century','Hungary'),(134,'Noah\'s Flood; or, The Destruction of the World','Opera','Ancient',NULL),(135,'Oedipus','Tragedy','Ancient','Greece'),(136,'Ormasdes','Tragicomedy',NULL,'Cytherea'),(137,'Othello','Tragedy',NULL,'Cyprus'),(138,'Pandora','Comedy',NULL,'Syracutia'),(139,'Pastor Fido; or, The Faithful Shepherd','Pastoral',NULL,'Arcadia'),(140,'Pericles, Prince of Tyre','Romance',NULL,'Greece'),(141,'Philaster; or, Love Lies a Bleeding','Tragicomedy',NULL,'Sicily'),(142,'Piso\'s Conspiracy','Tragedy','1st Century','Rome'),(143,'Pompey the Great','Tragedy','1st Century BCE','Rome'),(144,'Psyche','Opera','Mythical','Greece'),(145,'Psyche Debauched','Mock Opera',NULL,'England'),(146,'Queen Elizabeth\'s Troubles and the History of Eighty-Eight','History','16th Century','London'),(147,'Revenge for Honour','Tragedy',NULL,'Arabia'),(148,'Richard III','History','15th Century','England'),(149,'Rollo, Duke of Normandy; or, The Bloody Brother','Tragedy','10th Century','Normandy'),(150,'Romeo and Juliet','Tragedy',NULL,'Verona'),(151,'Rome\'s Follies; or, The Amorous Fryars','Comedy',NULL,'Rome'),(152,'Romulus and Hersillia; or, The Sabine War','Tragedy','Ancient','Rome'),(153,'Rule a Wife and Have a Wife','Comedy',NULL,'Spain'),(154,'Sauny the Scot; or, The Taming of a Shrew','Comedy',NULL,'London'),(155,'Scaramouch a Philosopher, Harlequin a School-Boy, Bravo, Merchant and Magician','Comedy',NULL,NULL),(156,'Secret Love; or, The Maiden Queen','Tragicomedy',NULL,'Sicily'),(157,'She Would if She Could','Comedy','Present','London'),(158,'Sir Barnaby Whigg; or, No Wit Like a Woman\'s','Comedy',NULL,NULL),(159,'Sir Courtly Nice; or, It Cannot Be','Comedy','Present','Covent Garden'),(160,'Sir Hercules Buffoon; or, The Poetical Squire','Comedy','Present','England'),(161,'Sir Patient Fancy','Comedy','Present','London'),(162,'Sir Salomon; or, The Cautious Coxcomb','Comedy','Present','London'),(163,'Sophonisba; or, Hannibal\'s Overthrow','Tragedy','3rd Century BCE','Zama'),(164,'Souls Warfare Comically Digested into Scenes, Acted between the Soul and Her Enemies','Tragicomedy',NULL,NULL),(165,'Squire Oldsapp; or, The Night-Adventures','Comedy','Present','England'),(166,'Tamerlane the Great','Tragedy','14th Century','Samarkand'),(167,'Tartuffe; or, The French Puritan','Comedy','Present','France'),(168,'Tarugo\'s Wiles; or, The Coffee House','Comedy','Present','London'),(169,'The Adventures of Five Hours','Tragicomedy','Present','Seville'),(170,'The Alchemist','Comedy','Present','London'),(171,'The Amazon Queen; or, The Amours of Thalestris to Alexander the Great','Tragicomedy','4th Century BCE',NULL),(172,'The Ambitious Statesman; or, The Loyal Favourite','Tragedy',NULL,'France'),(173,'The Amorous Fantasme','Tragicomedy',NULL,'Ferrara'),(174,'The Amorous Gallant; or, Love in Fashion','Comedy',NULL,NULL),(175,'The Amorous Old Woman; or, \'Tis Well if it Take','Comedy',NULL,'Pisa'),(176,'The Amorous Prince; or, The Curious Husband','Comedy',NULL,'Florence'),(177,'The Amorous Widow; or, The Wanton Wife','Comedy','Present','England'),(178,'The Assignation; or, Love in a Nunnery','Comedy',NULL,'Rome'),(179,'The Atheist; or, The Second Part of the Souldier\'s Fortune','Comedy','Present','London'),(180,'The Banditti; or, A Ladies Distress',NULL,NULL,NULL),(181,'The Beggar\'s Bush','Comedy',NULL,'Flanders'),(182,'The Black Prince','Tragedy','14th Century','England'),(183,'The Blind Lady','Comedy','16th Century','Poland'),(184,'The Bondman','Tragicomedy','Ancient','Syracuse'),(185,'The Brothers','Comedy',NULL,'Madrid'),(186,'The Cardinal','Tragedy',NULL,'Navarre'),(187,'The Careless Lovers','Comedy','Present','Covent Garden'),(188,'The Cataclysm; or, General Deluge of the World','Opera','Ancient',NULL),(189,'The Chances','Comedy',NULL,'Bologna'),(190,'The Chances, with Alterations','Comedy',NULL,'Bologna'),(191,'The Change of Crowns',NULL,NULL,NULL),(192,'The Changeling','Tragedy',NULL,'Spain'),(193,'The Changes; or, Love in a Maze','Comedy','Present','London'),(194,'The Cheats','Comedy','Present','London'),(195,'The Cheats of Scapin','Farce','Present','Dover'),(196,'The Christmas Ordinary','University',NULL,NULL),(197,'The Citizen Turned Gentleman','Comedy','Present','London'),(198,'The City Heiress; or, Sir Timothy Treatall','Comedy','Present','London'),(199,'The City Match','Comedy','Present','London'),(200,'The City Night-Cap','Tragicomedy',NULL,'Italy'),(201,'The City Politiques','Comedy',NULL,'Naples'),(202,'The Comical Revenge; or, Love in a Tub','Comedy','Present','London'),(203,'The Committee','Comedy','Present','London'),(204,'The Conquest of China by the Tartars','Tragedy','13th Century','China'),(205,'The Conquest of Granada, Part 1','Tragedy','15th Century','Granada'),(206,'The Conquest of Granada, Part 2','Tragedy','15th Century','Granada'),(207,'The Conspiracy; or, The Change of Government','Tragedy',NULL,'Turkey'),(208,'The Constant Maid','Comedy','Present','London'),(209,'The Constant Nymph; or, The Rambling Shepherd','Pastoral',NULL,'Arcadia'),(210,'The Coronation of Queen Elizabeth: With the Restoration of the Protestant Religion; or, The Downfall of the Pope','Fair Play','16th Century','London'),(211,'The Counterfeit Bridegroom; or, The Defeated Widow','Comedy','Present','London'),(212,'The Counterfeits','Comedy',NULL,'Madrid'),(213,'The Country Captain','Comedy','Present','England'),(214,'The Country Innocence; or, The Chamber-Maid Turn\'d Quaker','Comedy','Present','England'),(215,'The Country Wife','Comedy','Present','London'),(216,'The Country Wit','Comedy','Present','London'),(217,'The Court Secret','Tragicomedy',NULL,'Spain'),(218,'The Coxcomb','Comedy',NULL,NULL),(219,'The Custom of the Country','Tragicomedy',NULL,'Italy'),(220,'The Cutter of Coleman Street','Comedy','Present','London'),(221,'The Damoiselles a la Mode','Comedy',NULL,'Paris'),(222,'The Debauchee; or, The Credulous Cuckold','Comedy','Present','London'),(223,'The Destruction of Jerusalem by Titus Vespasian, Part 1','Tragedy','1st Century','Jerusalem'),(224,'The Destruction of Jerusalem by Titus Vespasian, Part 2','Tragedy','1st Century','Jerusalem'),(225,'The Destruction of Troy','Tragedy','1st Century','Troy'),(226,'The Devil of a Wife; or, A Comical Transformation','Comedy','Present','England'),(227,'The Disappointment; or, The Mother in Fashion',NULL,NULL,NULL),(228,'The Divine Comedian; or, The Right Use of Plays, Improved, in a Sacred Tragy-Comedy','Tragicomedy',NULL,NULL),(229,'The Double Marriage','Tragedy',NULL,'Naples'),(230,'The Duchess of Malfi','Tragedy','16th Century','Amalfi'),(231,'The Duke of Guise','Tragedy','16th Century','Paris'),(232,'The Dumb Lady; or, The Farriar Made Physician','Comedy','Present','London'),(233,'The Dutch Lover','Comedy',NULL,'Madrid'),(234,'The Elder Brother','Comedy',NULL,'France'),(235,'The Empress of Morocco','Tragedy',NULL,'Morocco'),(236,'The English Lawyer','Comedy',NULL,'Bordeaux'),(237,'The English Monsieur','Comedy','Present','London'),(238,'The English Princess; or, The Death of Richard the Third','Tragedy','15th Century','England'),(239,'The English Rogue','Comedy',NULL,'Venice'),(240,'The Excommunicated Prince; or, The False Relick','Tragedy','Seventeenth Century','Georgia'),(241,'The Factious Citizen; or, The Melancholy Visioner','Comedy','Present','London'),(242,'The Fair Maid of the West','Comedy','Present','England'),(243,'The Faithful Shepherd','Tragicomedy',NULL,'Arcadia'),(244,'The Faithful Shepherdess','Tragicomedy',NULL,NULL),(245,'The False Count; or, A New Way to Play an Old Game','Comedy',NULL,'Cadez'),(246,'The Fatal Contract','Tragedy','5th Century','France'),(247,'The Fatal Jealousie','Tragedy',NULL,NULL),(248,'The Feign\'d Astrologer','Comedy','Present','London'),(249,'The Feign\'d Curtizans; or, A Night\'s Intrigue','Comedy',NULL,'Rome'),(250,'The Female Prelate: Being the History of the Life and Death of Pope Joan','Tragedy','9th Century','Rome'),(252,'The Fool Turn\'d Critick','Comedy','Present','Covent Garden'),(253,'The Forc\'d Marriage; or, The Jealous Bridegroom','Tragicomedy',NULL,'France'),(254,'The French Conjuror','Comedy',NULL,'Seville'),(255,'The Gamester','Comedy','Present','England'),(256,'The General','Tragicomedy',NULL,NULL),(257,'The Generous Enemies; or, The Ridiculous Lovers','Comedy',NULL,'Seville'),(258,'The Gentleman Dancing Master','Comedy','Present','London'),(259,'The Gentleman of Venice','Tragicomedy',NULL,'Venice'),(260,'The German Princess','History',NULL,NULL),(261,'The Goblins','Comedy',NULL,'Francelia'),(262,'The Grateful Servant','Tragicomedy',NULL,'Savoy'),(263,'The Great Favourite; or, The Duke of Lerma','Tragedy','17th Century','Madrid'),(264,'The Guardian','Comedy','Present','London'),(265,'The Heir of Morocco: With the Death of Gayland','Tragedy','17th Century','Morocco'),(267,'The Heroick-Lover; or, The Infanta of Spain','Tragedy',NULL,'Poland'),(268,'The History and Fall of Caius Marius','Tragedy','1st Century BCE','Rome'),(269,'The History of Charles the Eighth of France; or The Invasion of Naples by the French','History','15th Century','Naples'),(270,'The History of Henry the Fifth','History','15th Century','France'),(271,'The History of King Lear','History','Ancient','Britain'),(272,'The History of Timon of Athens, the Man-Hater','Tragedy','Ancient','Athens'),(273,'The Humorists','Comedy','1670','London'),(274,'The Humorous Lieutenant','Comedy','4th Century BCE',NULL),(275,'The Humorous Lovers','Comedy','Present','Covent Garden'),(276,'The Imperial Tragedy','Tragedy','5th Century','Greece'),(277,'The Indian Emperour; or, The Conquest of Mexico by the Spaniards','Heroic Tragedy','16th Century','Mexico'),(278,'The Indian Queen','Tragedy','16th Century','Peru'),(279,'The Ingratitude of a Common-Wealth; or, The Fall of Caius Martius Coriolanus','Tragedy','5th Century BCE','Rome'),(280,'The Injured Princess; or, The Fatal Wager','Romance','Ancient','Britain'),(281,'The Island Princess; or, The Generous Portuguese','Comedy',NULL,'Portugal'),(282,'The Island Queens; or, The Death of Mary, Queen of Scotland','Tragedy','16th Century','London'),(283,'The Jovial Crew; or, The Merry Beggars','Comedy','Present','London'),(284,'The Kind Keeper; or, Mr Limberham','Comedy','Present','London'),(285,'The Knight of the Burning Pestle','Comedy','Present','London'),(286,'The Lady\'s Trial','Comedy',NULL,'Genoa'),(287,'The Lancashire Witches, and Tegue O Divelly the Irish Priest','Comedy','17th Century','Lancashire'),(288,'The Law against Lovers','Tragicomedy',NULL,'Turin'),(289,'The Libertine','Tragedy',NULL,'Spain'),(291,'The Life and Death of Doctor Faustus, Made into a Farce','Farce','16th Century','Wittenburg'),(292,'The Life of Mother Shipton','Comedy','17th Century','England'),(293,'The Little French Lawyer','Comedy',NULL,'Paris'),(294,'The London Cuckolds','Comedy','Present','London'),(295,'The Lost Lady','Tragicomedy',NULL,NULL),(296,'The Loving Enemies','Comedy',NULL,'Florence'),(297,'The Loyal Brother; or, The Perisan Prince','Tragedy','17th Century','Persia'),(298,'The Loyal General','Tragedy',NULL,'Greece'),(299,'The Loyal Subject','Tragicomedy',NULL,'Muscovy'),(300,'The Luckey Chance; or, An Alderman\'s Bargain','Comedy','Present','London'),(302,'The Mad Lover','Tragicomedy',NULL,'Paphos'),(303,'The Maid in the Mill','Comedy',NULL,'Spain'),(304,'The Maid\'s Tragedy','Tragedy',NULL,'Rhodes'),(305,'The Mall; or, The Modish Lovers','Comedy','Present','St. James\'s Park'),(306,'The Man of Mode; or Sir Fopling Flutter','Comedy','Present','London'),(307,'The Man of Newmarket','Comedy','Present','London'),(308,'The Man\'s the Master','Comedy',NULL,'Madrid'),(309,'The Marriage Broker; or, The Pander','Comedy','7th Century','London'),(310,'The Marriage Night','Tragedy',NULL,'Castile'),(311,'The Mayor of Quinborough','History','5th Century','Britain'),(312,'The Merry Devil of Edmonton','Comedy','17th Century','Edmonton'),(313,'The Merry Wives of Windsor','Comedy','15th Century','Windsor'),(314,'The Miser','Comedy',NULL,NULL),(315,'The Misery of Civil-War','Tragedy','15th Century','England'),(316,'The Mistaken Husband','Comedy','Present','England'),(317,'The Mock Duellist; or, The French Vallet','Comedy','Present','Covent Garden'),(318,'The Mock-Tempest; or, The Enchanted Castle','Farce','Present','London'),(319,'The Morning Ramble; or, The Town-Humours','Comedy','Present','London'),(320,'The Mulberry Garden','Tragicomedy','Present','London'),(321,'The Night Walker; or, The Little Thief','Comedy','Present','London'),(322,'The Northern Lass','Comedy','Present','England'),(323,'The Old Troop; or, Monsieur Raggou','Comedy','Present','London'),(324,'The Opportunity','Comedy',NULL,'Urbino'),(325,'The Ordinary','Comedy','Present','London'),(326,'The Orphan; or, The Unhappy Marriage','Tragedy',NULL,'Bohemia'),(328,'The Parson\'s Wedding','Comedy','Present','London'),(329,'The Pilgrim','Comedy',NULL,NULL),(330,'The Plain Dealer','Comedy','Present','London'),(331,'The Playhouse to be Let','Anthology',NULL,NULL),(332,'The Politician Cheated','Comedy',NULL,NULL),(333,'The Poor Man\'s Comfort','Tragicomedy',NULL,'Arcadia'),(334,'The Pragmatical Jesuit New-leven\'d','Comedy','Present','London'),(335,'The Princess of Cleve','Tragedy','16th Century','Paris'),(336,'The Princess; or, Love at First Sight','Tragicomedy','Ancient','Rome'),(337,'The Puritan; or, Widow of Watling Street','Comedy','Present','London'),(338,'The Queen of Arragon','Tragicomedy',NULL,NULL),(339,'The Rambling Justice; or, The Jealous Husbands','Comedy','Present','London'),(340,'The Rampant Alderman; or, News from The Exchange','Farce','Present','London'),(341,'The Reformation','Comedy',NULL,'Venice'),(342,'The Rehearsal','Comedy','Present','London'),(343,'The Religious Rebel; or, The Pilgrim-Prince','Tragedy',NULL,'Germany'),(344,'The Renegado','Tragedy',NULL,'Tunis'),(345,'The Restoration; or, Right Will Take Place','Tragicomedy',NULL,'Sicily'),(346,'The Revenge; or, A Match in Newgate','Comedy','Present','London'),(347,'The Rewards of Vertue','Comedy',NULL,NULL),(348,'The Rival Kings; or, The Loves of Oroondates and Statira','Tragedy','Ancient','Babylon'),(349,'The Rival Ladies','Tragicomedy',NULL,'Alicant'),(350,'The Rival Queens; or, The Death of Alexander the Great','Tragedy','4th Century BCE','Babylon'),(351,'The Rivals','Tragicomedy','Ancient','Athens'),(352,'The Roman Empress','Tragedy',NULL,'Rome'),(353,'The Roman Generalls; or, The Distressed Ladies','Tragedy','1st Century BC','Italy'),(354,'The Roman Virgin; or, The Unjust Judge','Tragedy','5th Century BCE','Rome'),(355,'The Roundheads; or, The Good Old Cause','Comedy','Interregnum','London'),(356,'The Rover; or, The Banish\'t Cavaliers','Comedy','Interregnum','Naples'),(357,'The Second Part of The Rover','Comedy','Interregnum','Madrid'),(358,'The Royal Oake','Pageant',NULL,NULL),(359,'The Royal Shepherdess','Tragicomedy',NULL,'Arcadia'),(360,'The Royalist','Comedy','Interregnum','England'),(361,'The Royall King, and The Loyall Subject','Tragicomedy',NULL,'England'),(362,'The Rump; or, The Mirrour of the Late Times','Comedy','Interregnum','England'),(363,'The Sacrifice','Tragedy','15th Century','China'),(364,'Love Tricks; or, The School of Complements','Comedy',NULL,NULL),(365,'The Scornful Lady','Comedy','Present','England'),(366,'The Sea Voyage','Comedy',NULL,NULL),(367,'The Sicilian Usurper','Tragedy','14th Century','England'),(368,'The Siege of Babylon','Tragedy','7th Century','Babylon'),(369,'The Siege of Constantinople','Tragedy','15th Century','Constantinople'),(370,'The Siege of Memphis; or, The Ambitious Queen','Tragedy',NULL,'Memphis'),(371,'The Siege of Rhodes, Part 1','Opera','16th Century','Rhodes'),(372,'The Siege of Rhodes, Part 2','Opera','16th Century','Rhodes'),(373,'The Siege of Urbin','Tragicomedy',NULL,'Pisa'),(374,'The Sisters','Comedy',NULL,'Parma'),(375,'The Six Days\' Adventure; or, The New Utopia','Comedy',NULL,'Utopia'),(376,'The Slighted Maid','Comedy',NULL,'Naples'),(377,'The Sophy','Tragedy','17th Century','Persia'),(378,'The Souldiers Fortune','Comedy','Present','London'),(379,'The Spanish Curate','Comedy',NULL,'Spain'),(380,'The Spanish Fryar; or, The Double Discovery','Tragicomedy',NULL,'Spain'),(381,'The Spanish Gypsies','Tragicomedy',NULL,'Spain'),(382,'The Spanish Rogue','Comedy',NULL,'Spain'),(383,'The Spanish Tragedy','Tragedy',NULL,'Spain'),(384,'The Spightful Sister','Comedy','Present','London'),(385,'The State of Innocence','Opera','Biblical','Eden'),(386,'The Step-Mother','Tragicomedy','Ancient','Verulam'),(387,'The Sullen Lovers; or, The Impertinents','Comedy','March 1668','London'),(388,'The Surprisal','Comedy',NULL,'Sienna'),(389,'The Woman\'s Prize; or, The Tamer Tamed','Comedy',NULL,'England'),(390,'The Tempest; or The Enchanted Island','Tragicomedy',NULL,'An Island'),(391,'The Tempest; or the Enchanted Island - Opera','Opera',NULL,'An Island'),(392,'The Town Fop; or, Sir Timothy Tawdry','Comedy','Present','Covent Garden'),(393,'The Town-Shifts; or, The Suburb-Justice','Comedy','Present','England'),(394,'Tragedy of Hero and Leander','Tragedy','Ancient','Sestos and Abydos'),(395,'The Tragedy of Nero, Emperour of Rome','Tragedy','1st Century','Rome'),(396,'The Tragedy of Sertorius','Tragedy','1st Century BCE','Lusitania'),(397,'The Traitor','Tragedy','16th Century','Florence'),(398,'The Triumphant Widow; or, The Medley of Humours','Comedy','Present','London'),(399,'The Unfortunate Lovers','Tragedy',NULL,'Verona'),(400,'The Unfortunate Shepherd','Pastoral',NULL,NULL),(401,'The Unfortunate Usurper','Tragedy','12th Century','Constantinople'),(402,'The Ungrateful Favourite','Tragedy',NULL,'Naples'),(403,'The Unhappy Favourite; or, The Earl of Essex','Tragedy','1601','London'),(404,'The Usurper','Tragedy','4th Century BCE','Sicily'),(406,'The Villain','Tragedy',NULL,'Tours'),(407,'The Virgin Martyr','Tragedy','4th Century','Caesarea'),(408,'The Virtuoso','Comedy','Present','London'),(409,'The Virtuous Wife; or, Good Luck at Last','Comedy','Present','Chelsey'),(411,'The Wedding','Comedy','Present','London'),(412,'The White Devil','Tragedy','16th Century','Venice'),(413,'The Widow','Tragedy','17th Century',NULL),(414,'The Wild Gallant','Comedy','Present','London'),(415,'The Wild Goose Chase','Comedy',NULL,'Paris'),(416,'The Wise Woman of Hogsdon','Comedy','Present','London'),(417,'The Wits','Comedy','Present','London'),(418,'The Witty Fair One','Comedy',NULL,NULL),(419,'The Woman Captain','Comedy','Present','London'),(420,'The Woman Hater','Comedy',NULL,'Milan'),(421,'The Woman is a Weather Cock','Comedy','Present','London'),(423,'The Women\'s Conquest','Tragicomedy',NULL,'Scythia'),(424,'The Wrangling Lovers; or, The Invisible Mistress','Comedy',NULL,'Toledo'),(425,'The Young Admiral','Tragicomedy',NULL,'Naples'),(426,'The Young King; or, The Mistake','Tragicomedy',NULL,'Dacia'),(427,'Theodosius; or, The Force of Love','Tragedy','4th Century','Constantinople'),(428,'Thomaso; or, The Wanderer, Part 1','Comedy','Interregnum','Spain'),(429,'Thomaso; or, The Wanderer, Part 2','Comedy','Interregnum','Spain'),(430,'Thyestes - Wright','Tragedy','Classical','Greece'),(431,'Thyestes - Crowne','Tragedy','Classical','Greece'),(432,'\'Tis Pity She\'s a Whore','Tragedy',NULL,'Parma'),(433,'Titus and Bernice','Tragedy','1st Century','Rome'),(434,'Titus Andronicus; or, The Rape of Lavinia','Tragedy',NULL,'Rome'),(435,'Tom Essence; or, The Modish Wife','Comedy','Present','London'),(436,'Trappolin Supposed a Prince','Tragiomedy',NULL,NULL),(437,'Trick for Trick; or, The Debauch\'d Hypocrite','Comedy','Present','England'),(438,'Troades','Tragedy','Ancient','Troy'),(439,'Troades; or, The Royal Captives','Tragedy','Ancient','Troy'),(440,'Troas','Tragedy','Ancient','Troy'),(441,'Troilus and Cressida; or, Truth Found Too Late','Tragedy','Ancient','Troy'),(442,'Tryphon','Tragedy','2nd Century BCE','Antioch'),(444,'Tunbridge Wells; or, A Day\'s Courtship','Comedy','Present','Tunbridge Wells'),(445,'Twelfth Night','Comedy',NULL,'Illyria'),(446,'Tyrannic Love; or, The Royal Martyr','Tragedy','4th Century','Alexandria'),(447,'Valentinian','Tragedy','5th Century','Rome'),(448,'Venice Preserv\'d; or, A Plot Discover\'d','Tragedy',NULL,'Venice'),(449,'Vertue Betray\'d; or, Anna Bullen','Tragedy','1536','London'),(450,'Volpone','Comedy',NULL,'Venice'),(451,'Wealth Outwitted; or, Money is an Ass','Comedy',NULL,NULL),(453,'Wit in a Constable','Comedy','Present','London'),(454,'Wit without Money','Comedy',NULL,NULL),(455,'Wits Led by the Nose; or, A Poet\'s Revenge','Tragicomedy',NULL,'Sicily'),(456,'Women Pleased','Tragicomedy',NULL,'Florence'),(458,'Zelindra','Tragicomedy',NULL,'Greece'),(459,'Zoroastres','Tragedy','Ancient','Bactria'),(460,'The Pilgrim - Killigrew','Tragedy',NULL,NULL),(461,'The Noble Ingratitude','Tragicomedy',NULL,'Algeria'),(462,'The Enchanted Lovers','Pastoral',NULL,'Portugal'),(463,'The Vestal Virgin; or, The Roman Ladies','Tragedy',NULL,'Rome');
/*!40000 ALTER TABLE `play` ENABLE KEYS */;
UNLOCK TABLES;

--
-- Table structure for table `publication`
--

DROP TABLE IF EXISTS `publication`;
/*!40101 SET @saved_cs_client     = @@character_set_client */;
/*!50503 SET character_set_client = utf8mb4 */;
CREATE TABLE `publication` (
  `idPublication` int(11) NOT NULL,
  `idPlay` int(11) DEFAULT NULL,
  `PublicationDate` date DEFAULT NULL,
  `PublicationType` varchar(45) DEFAULT NULL,
  `idLocation` int(11) DEFAULT NULL,
  PRIMARY KEY (`idPublication`),
  KEY `idPlayPub_idx` (`idPlay`),
  KEY `idLocationPub_idx` (`idLocation`),
  CONSTRAINT `fkLocationPub` FOREIGN KEY (`idLocation`) REFERENCES `location` (`idLocation`) ON DELETE NO ACTION ON UPDATE NO ACTION,
  CONSTRAINT `fkPlayPub` FOREIGN KEY (`idPlay`) REFERENCES `play` (`idPlay`) ON DELETE NO ACTION ON UPDATE NO ACTION
) ENGINE=InnoDB DEFAULT CHARSET=utf8;
/*!40101 SET character_set_client = @saved_cs_client */;

--
-- Dumping data for table `publication`
--

LOCK TABLES `publication` WRITE;
/*!40000 ALTER TABLE `publication` DISABLE KEYS */;
INSERT INTO `publication` VALUES (1,434,'1687-01-01',NULL,1),(2,190,'1682-01-01',NULL,NULL);
/*!40000 ALTER TABLE `publication` ENABLE KEYS */;
UNLOCK TABLES;

--
-- Table structure for table `publicationperson`
--

DROP TABLE IF EXISTS `publicationperson`;
/*!40101 SET @saved_cs_client     = @@character_set_client */;
/*!50503 SET character_set_client = utf8mb4 */;
CREATE TABLE `publicationperson` (
  `idPublication` int(11) DEFAULT NULL,
  `idPerson` int(11) DEFAULT NULL,
  `Relationship` varchar(45) DEFAULT NULL,
  KEY `fkPubPerson_idx` (`idPerson`),
  KEY `fkPublicationID_idx` (`idPublication`),
  CONSTRAINT `fkPubPerson` FOREIGN KEY (`idPerson`) REFERENCES `person` (`idPerson`) ON DELETE NO ACTION ON UPDATE NO ACTION,
  CONSTRAINT `fkPublicationID` FOREIGN KEY (`idPublication`) REFERENCES `publication` (`idPublication`) ON DELETE NO ACTION ON UPDATE NO ACTION
) ENGINE=InnoDB DEFAULT CHARSET=utf8;
/*!40101 SET character_set_client = @saved_cs_client */;

--
-- Dumping data for table `publicationperson`
--

LOCK TABLES `publicationperson` WRITE;
/*!40000 ALTER TABLE `publicationperson` DISABLE KEYS */;
INSERT INTO `publicationperson` VALUES (1,150,'Printer'),(1,151,'Publisher');
/*!40000 ALTER TABLE `publicationperson` ENABLE KEYS */;
UNLOCK TABLES;

--
-- Table structure for table `role`
--

DROP TABLE IF EXISTS `role`;
/*!40101 SET @saved_cs_client     = @@character_set_client */;
/*!50503 SET character_set_client = utf8mb4 */;
CREATE TABLE `role` (
  `idRole` int(11) NOT NULL,
  `idPlay` int(11) DEFAULT NULL,
  `RoleName` varchar(45) DEFAULT NULL,
  `RoleAlias` varchar(45) DEFAULT NULL,
  `RoleDescription` varchar(500) DEFAULT NULL,
  PRIMARY KEY (`idRole`),
  KEY `idPlay` (`idPlay`),
  CONSTRAINT `role_ibfk_1` FOREIGN KEY (`idPlay`) REFERENCES `play` (`idPlay`)
) ENGINE=InnoDB DEFAULT CHARSET=utf8;
/*!40101 SET character_set_client = @saved_cs_client */;

--
-- Dumping data for table `role`
--

LOCK TABLES `role` WRITE;
/*!40000 ALTER TABLE `role` DISABLE KEYS */;
INSERT INTO `role` VALUES (1,434,'Saturninus',NULL,'Son of the Deceased Emperor'),(2,434,'Bassianus',NULL,'Son of the Deceased Emperor'),(3,434,'Titus Andronicus',NULL,'An Old Roman General'),(4,434,'Marcus Andronicus',NULL,'A Tribune, Brother to Titus'),(5,434,'Emilius',NULL,'A Tribune'),(6,434,'Lucius',NULL,'Son of Titus'),(7,434,'Mutius',NULL,'Son of Titus'),(8,434,'Martius',NULL,'Son of Titus'),(9,434,'Quintus',NULL,'Son of Titus'),(10,434,'Junius',NULL,'Son of Lucius, a Child'),(11,434,'Lavinia',NULL,'Daughter of Titus'),(12,434,'Tamora',NULL,'Queen of Goths'),(14,434,'Alarbus',NULL,'A Mute'),(15,434,'Chiron',NULL,'The Queen\'s Son'),(16,434,'Demetrius',NULL,'The Queen\'s Son'),(17,434,'Aron',NULL,'A Moor in favour with Tamora, and her General'),(18,434,'A Goth',NULL,'A Common Souldier'),(19,434,'His Wife',NULL,NULL),(20,434,'A Blackamoor Infant',NULL,NULL),(21,403,'Earl of Essex',NULL,NULL),(22,403,'Earl of Southampton',NULL,NULL),(23,403,'Burleigh','William Cecil',NULL),(24,403,'Walter Rawleigh',NULL,NULL),(25,403,'Lieutenant of the Tower',NULL,NULL),(26,403,'Queen Elizabeth',NULL,NULL),(27,403,'Countess of Rutland','Countess of Essex','Secretly married to the Earl of Essex'),(28,403,'Countess of Nottingham',NULL,NULL),(29,403,'Gentleman',NULL,NULL),(30,52,'Aurelius',NULL,'King of Brittain'),(31,52,'Vortiger',NULL,'King of Brittain'),(32,52,'Uter Pendragon',NULL,'the Prince, Brother to Aurelius'),(33,52,'Donobert',NULL,'a Nobleman, and Father to Constantia and Modestia'),(34,52,'Earl of Gloster',NULL,'Father to Edwyn'),(35,52,'Edoll','Earl of Chester','General to King Aurelius'),(36,52,'Cador','Earl of Cornwal','Suitor to Constantia'),(37,52,'Edwyn',NULL,'Son to the Earl of Gloster, and Suitor to Modestia'),(38,52,'Toclio',NULL,'Nobleman'),(39,52,'Oswald',NULL,'Nobleman'),(40,52,'Merlin',NULL,'the Prophet'),(41,52,'Anselme',NULL,'the Hermit, after Bishop of Winchester'),(42,52,'Clown',NULL,'brother to Jone, mother of Merlin'),(43,52,'Sir Nichodemus Nothing',NULL,'a Courtier'),(44,52,'The Devil',NULL,'Father of Merlin'),(45,52,'Ostorius',NULL,'the Saxon General'),(46,52,'Octa',NULL,'a Saxon Nobleman'),(47,52,'Proximus',NULL,'a Saxon Magician'),(48,52,'1 Bishop',NULL,NULL),(49,52,'2 Bishop',NULL,NULL),(50,52,'1 Saxon Lord',NULL,NULL),(51,52,'2 Saxon Lord',NULL,NULL),(52,52,'1 Captain',NULL,NULL),(53,52,'2 Captain',NULL,NULL),(54,52,'1 Gentleman',NULL,NULL),(55,52,'2 Gentleman',NULL,NULL),(56,52,'Antick Spirit',NULL,NULL),(57,52,'Artesia',NULL,'Sister to Ostorius the Saxon General'),(58,52,'Constantia',NULL,'Daughter to Donobert'),(59,52,'Modestia',NULL,'Daughter to Donobert'),(60,52,'Jone Goe-too\'t',NULL,'Mother of Merlin'),(61,52,'Waiting-woman',NULL,'to Artesia'),(62,52,'Lucina',NULL,'Queen of the Shades'),(63,91,'King Henry the Sixth',NULL,NULL),(64,91,'Humphry, Duke of Glocester',NULL,'Lord Protector of the Kingdom, and Uncle to the King, being Brother to King Henry the 5th'),(65,91,'The Cardinal',NULL,'a Bastard Son of John of Gaunt, and so Uncle to Duke Humphry'),(66,91,'Richard Plantagenet',NULL,'Heir of the House of York, pretender to the Crown'),(67,91,'Duke of Buckingham',NULL,NULL),(68,91,'Earl of Warwick',NULL,NULL),(69,91,'Earl of Salisbury',NULL,NULL),(70,91,'Duke of Suffolk',NULL,'a Lover of the Queen'),(71,91,'Queen Margaret',NULL,'Wife of King Henry the 6th, in Love with the Duke of Suffolk'),(72,91,'Elianor, Duchess of Glocester',NULL,'Wife to the Lord Protector'),(73,91,'Sheriff of London, Sir John Stanly',NULL,NULL),(74,315,'King Henry the Sixth',NULL,NULL),(75,315,'Prince Edward',NULL,'King Henry\'s Son'),(76,315,'Richard Plantagenet',NULL,'Duke of York'),(77,315,'Edward',NULL,'eldest Son of Richard Plantagenet, and after his Fathers death King of England'),(78,315,'George, Duke of Clarence',NULL,'second Son of the Duke of York'),(79,315,'Richard',NULL,'the third Son, called Crook-back'),(80,315,'Rutland',NULL,'a Child, the youngest Son'),(81,315,'The Great Earl of Warwick',NULL,NULL),(82,315,'Old Lord Clifford',NULL,NULL),(83,315,'Young Clifford',NULL,'his Son'),(84,315,'Queen Margaret',NULL,'Wife of King Henry'),(85,315,'Lady Grey',NULL,'the Widow of Sir John Grey, belov\'d and at length married by King Edward the fourth'),(86,315,'Lady Elianor Butler',NULL,'a young Lady of great quality, that was one of King Edward\'s Mistresses'),(87,449,'King Harry',NULL,NULL),(88,449,'Cardinal',NULL,NULL),(89,449,'Northumberland',NULL,NULL),(90,449,'Piercy',NULL,NULL),(91,449,'Rochford',NULL,NULL),(92,449,'Anna Bullen',NULL,NULL),(93,449,'Lady Diana Talbot',NULL,NULL),(94,449,'Lady Elizabeth Blunt',NULL,NULL),(95,449,'Young Princess Elizabeth',NULL,NULL),(96,304,'King',NULL,NULL),(97,304,'Lysippus',NULL,'Brother to the King'),(98,304,'Amintor',NULL,'a noble Gentleman'),(99,304,'Evadne',NULL,'wife to Amintor'),(100,304,'Melantius',NULL,'brother to Evadne'),(101,304,'Diphilus',NULL,'brother to Evadne'),(102,304,'Aspatia',NULL,'troth-plight wife to Amintor'),(103,304,'Calianax',NULL,'an old humorous Lord, and father to Aspatia'),(104,304,'Cleon',NULL,'Gentleman'),(105,304,'Strato',NULL,'Gentleman'),(106,304,'Diagoras',NULL,'a servant'),(107,304,'Antiphila',NULL,'waiting Gentlewoman to Aspatia'),(108,304,'Olimpius',NULL,'waiting Gentlewoman to Aspatia'),(109,304,'Dula',NULL,'a Lady'),(110,304,'Night',NULL,'Masker'),(111,304,'Cynthia',NULL,'Masker'),(112,304,'Neptune',NULL,'Masker'),(113,304,'Eolus',NULL,'Masker'),(114,249,'Morisini',NULL,'An Old Count Uncle to Julio'),(115,249,'Julio',NULL,'His Nephew, a young Count, contracted to Laura Lucretia'),(116,249,'Octavio',NULL,'A young Count contracted to Marcella, deform\'d, revengeful'),(117,249,'Crapine',NULL,'Morisini\'s man'),(118,249,'Petro',NULL,'Suppos\'d Pimp to the two Curtezans'),(119,249,'Sir Harry Fillamour',NULL,'In love with Marcella'),(120,249,'Mr. Galliard',NULL,'In love with Cornelia'),(121,249,'Sir Signall Buffoon',NULL,'A fool'),(122,249,'Mr. Tickletext',NULL,'His Governour'),(123,249,'Jack',NULL,'Sir Signals man'),(124,249,'Laura Lucretia',NULL,'A young Lady of Quallity, contracted to Julio, in love with Galliard, and Sister to Octavio'),(125,249,'Marcella','Euphemia','Sister to Julio, and Niece to Morisini, passes for a Curtizan by the Name of Euphemia'),(126,249,'Cornelia','Silvianetta','Sister to Julio, and Niece to Morisini, passes for a Curtizan by the Name of Silvianetta'),(127,249,'Phillipa',NULL,'Their Woman'),(128,249,'Sabina',NULL,'Confident to Laura Lucretia'),(129,124,'King of Scotland',NULL,NULL),(130,124,'Malcolm',NULL,'his Son, Prince of Cumberland'),(131,124,'Donalbain',NULL,NULL),(132,124,'Lenox',NULL,NULL),(133,124,'Ross',NULL,NULL),(134,124,'Angus',NULL,NULL),(135,124,'Macbeth',NULL,NULL),(136,124,'Banquo',NULL,NULL),(137,124,'Macduff',NULL,NULL),(138,124,'Monteth',NULL,NULL),(139,124,'Cathnes',NULL,NULL),(140,124,'Seyward',NULL,NULL),(141,124,'Young Seward',NULL,'his Son'),(142,124,'Seyton',NULL,NULL),(143,124,'Doctor',NULL,NULL),(144,124,'Feance',NULL,'Boy to Banquo'),(145,124,'Porter',NULL,NULL),(146,124,'Old Man',NULL,NULL),(147,124,'1 Murderer',NULL,NULL),(148,124,'2 Murderer',NULL,NULL),(149,124,'Lady Macbeth',NULL,NULL),(150,124,'Lady Macduff',NULL,NULL),(151,124,'Young Macduff',NULL,'Her Son'),(152,124,'Waiting Gentlewoman',NULL,NULL),(153,124,'Ghost of Banquo',NULL,NULL),(154,124,'Heccatte',NULL,NULL),(155,124,'1 Witch',NULL,NULL),(156,124,'2 Witch',NULL,NULL),(157,124,'3 Witch',NULL,NULL),(158,30,'Marc Anthony',NULL,NULL),(159,30,'Ventidius',NULL,'his General'),(160,30,'Dollabella',NULL,'his Friend'),(161,30,'Alexas',NULL,'the Queens Eunuch'),(162,30,'Serapion',NULL,'Priest of Isis'),(163,30,'Another Priest',NULL,'Servant to Anthony'),(164,30,'Cleopatra',NULL,'Queen of Egypt'),(165,30,'Octavia',NULL,'Anthony\'s Wife'),(166,30,'Charmion',NULL,'Cleopatra\'s Maid'),(167,30,'Iras',NULL,'Cleopatra\'s Maid'),(168,30,'1 Daughter',NULL,'Anthony\'s little Daughter'),(169,30,'2 Daughter',NULL,'Anthony\'s little Daughter'),(170,277,'Montezuma',NULL,'Emperour of Mexico'),(171,277,'Odmar',NULL,'his Eldest Son'),(172,277,'Guyomar',NULL,'his younger Son'),(173,277,'Orbellan',NULL,'Son to the late Indian Queen by Traxalla'),(174,277,'High Priest of the Sun',NULL,NULL),(175,277,'Cydaria',NULL,'Montezuma\'s Daughter'),(176,277,'Almeria',NULL,'Sister to Alibech, and Daughter to the late Indian Queen'),(177,277,'Alibech',NULL,'Sister to Almeria, and Daughter to the late Indian Queen'),(178,277,'Cortez',NULL,'the Spanish General'),(179,277,'Vasquez',NULL,'Commander under Cortez'),(180,277,'Pizarro',NULL,'Commander under Cortez'),(181,127,'Polydamas',NULL,'Usurper of Sicily'),(182,127,'Leonidas',NULL,'the Rightful Prince, unknown'),(183,127,'Argaleon',NULL,'Favourite to Polydamas'),(184,127,'Hermogenes',NULL,'Foster-father to Leonidas'),(185,127,'Eubulus',NULL,'his Friend and Companion'),(186,127,'Rhodophil',NULL,'Captain of the Guards'),(187,127,'Palamede',NULL,'a Courtier'),(188,127,'Palmyra',NULL,'Daughter to the Usurper'),(189,127,'Amalthea',NULL,'Sister to Argaleon'),(190,127,'Doralice',NULL,'Wife to Rhodophil'),(191,127,'Melantha',NULL,'an Affected Lady'),(192,127,'Philotis',NULL,'Woman to Melantha'),(193,127,'Belisa',NULL,'Woman to Doralice'),(194,127,'Artemis',NULL,'a Court-Lady'),(195,306,'Mr. Dorimant',NULL,'Gentleman'),(196,306,'Mr. Medley',NULL,'Gentleman'),(197,306,'Old Bellair',NULL,'Gentleman'),(198,306,'Young Bellair',NULL,'Gentleman'),(199,306,'Sir Fopling Flutter',NULL,'Gentleman'),(200,306,'Lady Townley',NULL,'Gentlewoman'),(201,306,'Emilia',NULL,'Gentlewoman'),(202,306,'Mrs. Loveit',NULL,'Gentlewoman'),(203,306,'Bellinda',NULL,'Gentlewoman'),(204,306,'Lady Woodvil',NULL,'Gentlewoman'),(205,306,'Harriet',NULL,'Gentlewoman, Lady Woodvil\'s Daughter'),(206,306,'Pert',NULL,'Waiting Woman'),(207,306,'Busy',NULL,'Waiting Woman'),(208,306,'A Shoomaker',NULL,NULL),(209,306,'An Orange-woman',NULL,NULL),(210,306,'1 Slovenly Bully',NULL,NULL),(211,306,'2 Slovenly Bully',NULL,NULL),(212,306,'3 Slovenly Bully',NULL,NULL),(213,306,'1 Chair-man',NULL,NULL),(214,306,'2 Chair-man',NULL,NULL),(215,306,'Mr. Smirk',NULL,'A Parson'),(216,306,'Handy',NULL,'a Valet de Chambre'),(217,448,'Duke of Venice',NULL,NULL),(218,448,'Prinli',NULL,'Father to Belvidera, a Senatour'),(219,448,'Antonio',NULL,'A fine Speaker in the Senate'),(220,448,'Jaffeir',NULL,NULL),(221,448,'Pierre',NULL,NULL),(222,448,'Renault',NULL,'Conspirator'),(223,448,'Bedamar',NULL,'Conspirator'),(224,448,'Spinosa',NULL,'Conspirator'),(225,448,'Theodore',NULL,'Conspirator'),(226,448,'Eliot',NULL,'Conspirator'),(227,448,'Revillido',NULL,'Conspirator'),(228,448,'Durand',NULL,'Conspirator'),(229,448,'Mezzana',NULL,'Conspirator'),(230,448,'Bramveil',NULL,'Conspirator'),(231,448,'Ternon',NULL,'Conspirator'),(232,448,'Brabe',NULL,'Conspirator'),(233,448,'Belvidera',NULL,NULL),(234,448,'Aquilina',NULL,NULL),(235,368,'Orontes',NULL,'Prince of Scythia'),(236,368,'Lysimachus',NULL,'a Prince of Macedon'),(237,368,'Eumenes',NULL,'a Prince of Cappadocia'),(238,368,'Ptolomy',NULL,'Captain of Alexander the Great'),(239,368,'Perdicas',NULL,'Captain of Alexander the Great'),(240,368,'Cassander',NULL,'Captain of Alexander the Great'),(241,368,'Araxis',NULL,'Servant to Orantes'),(242,368,'Statira',NULL,'Widow of Alexander the Great'),(243,368,'Roxana',NULL,'Widow of Alexander the Great'),(244,368,'Parisatis',NULL,'Sister to Statira'),(245,368,'Thalestris',NULL,'Queen of the Amazons'),(246,368,'Cleone',NULL,'Confident of Statira'),(247,368,'Hesione',NULL,'Confident of Roxana'),(248,289,'Don John',NULL,'The Libertine; a rash fearless Man, guilty of all Vice'),(249,289,'Don Antonio',NULL,'Don John\'s Friend'),(250,289,'Don Lopez',NULL,'Don John\'s Friend'),(251,289,'Don Octavio',NULL,'Brother to Maria'),(252,289,'Jaconto',NULL,'Don John\'s Man'),(253,289,'Leonora',NULL,'Don John\'s Mistris, abused by him, yet follows him for Love'),(254,289,'Maria',NULL,'Leonora\'s maid, abused by Don John, and following him for Revenge'),(255,289,'Don Francisco',NULL,'Father to Clara and Flavia'),(256,289,'Clara',NULL,'Don Francisco\'s Daughter'),(257,289,'Flavia',NULL,'Don Francisco\'s Daughter'),(258,289,'1 Woman',NULL,'Wife to Don John'),(259,289,'2 Woman',NULL,'Wife to Don John'),(260,289,'3 Woman',NULL,'Wife to Don John'),(261,289,'4 Woman',NULL,'Wife to Don John'),(262,289,'5 Woman',NULL,'Wife to Don John'),(263,289,'6 Woman',NULL,'Wife to Don John'),(264,289,'Hermit',NULL,NULL),(265,289,'1 Gentleman',NULL,'Intended Husband to Clara'),(266,289,'2 Gentleman',NULL,'Intended Husband to Flavia'),(267,367,'King Richard','Oswald',NULL),(278,367,'Gaunt','Alcidore',NULL),(279,367,'York','Cleon',NULL),(280,367,'Bullingbrook','Vortiger',NULL),(281,367,'Northumberland','Hermogenes',NULL),(282,367,'Piercie',NULL,NULL),(283,367,'Ross',NULL,NULL),(284,367,'Willoughby',NULL,NULL),(285,367,'Carlile',NULL,NULL),(286,367,'Aumarl',NULL,NULL),(287,367,'Exton',NULL,NULL),(288,367,'Queen','Aribell',NULL),(289,367,'Dutchess of York',NULL,NULL),(290,342,'Bayes',NULL,NULL),(291,342,'Johnson',NULL,NULL),(292,342,'Smith',NULL,NULL),(293,342,'1 King of Brentford',NULL,NULL),(294,342,'2 King of Brentford',NULL,NULL),(295,342,'Prince Pretty-man',NULL,NULL),(296,342,'Gentleman Usher',NULL,NULL),(297,342,'Physician',NULL,NULL),(298,342,'Drawcansir',NULL,NULL),(299,342,'General',NULL,NULL),(300,342,'Lieutenant General',NULL,NULL),(301,342,'Cordelie',NULL,NULL),(302,342,'Tom Thimble',NULL,NULL),(303,342,'Fisherman',NULL,NULL),(304,342,'Sun',NULL,NULL),(305,342,'Thunder',NULL,NULL),(306,342,'1 Herald',NULL,NULL),(307,342,'2 Herald',NULL,NULL),(308,342,'1 Cardinal',NULL,'Mute'),(309,342,'2 Cardinal',NULL,'Mute'),(310,342,'3 Cardinal',NULL,'Mute'),(311,342,'4 Cardinal',NULL,'Mute'),(312,342,'Mayor',NULL,'Mute'),(313,342,'Amaryllis',NULL,NULL),(314,342,'Cloris',NULL,NULL),(315,342,'Parthenope',NULL,NULL),(316,342,'Pallas',NULL,NULL),(317,342,'Lightning',NULL,NULL),(318,342,'Moon',NULL,NULL),(319,342,'Earth',NULL,NULL),(320,215,'Mr. Horner',NULL,NULL),(321,215,'Mr. Harcourt',NULL,NULL),(322,215,'Mr. Dorilant',NULL,NULL),(323,215,'Mr. Pinchwife',NULL,NULL),(324,215,'Mr. Sparkish',NULL,NULL),(325,215,'Mr. Jasper Fidget',NULL,NULL),(326,215,'Mrs. Margery Pinchwife',NULL,NULL),(327,215,'Mrs. Alithea',NULL,NULL),(328,215,'My Lady Fidget',NULL,NULL),(329,215,'Mrs. Dainty Fidget',NULL,NULL),(330,215,'Mrs. Squeamish',NULL,NULL),(331,215,'Old Lady Squeamish',NULL,NULL),(332,215,'A Boy',NULL,NULL),(333,215,'A Quack',NULL,NULL),(334,215,'Lucy',NULL,'Alithea\'s Maid'),(335,330,'Manly',NULL,'Of an honest, surly, nice humour, suppos\'d first in the time of the Dutch War, to have procur\'d the Command of a Ship, out of Honour, not Interest; and chusing a Sea-life, only to avoid the World'),(336,330,'Freeman',NULL,'Manly\'s Lieutenant, a Gentleman well Educated, but of a broken Fortune, a Complier with the Age'),(337,330,'Vernish',NULL,'Manly\'s Bosom, and only Friend'),(338,330,'Novel',NULL,'A pert railing Coxcomb, and an admirer of Novelties, makes Love to Olivia'),(339,330,'Major Oldfox',NULL,'An old impertinent Fop, given to Scribling, makes Love to the Widow Blackacre'),(340,330,'My Lord Plausible',NULL,'A Ceremonious, Supple, Commending Coxcomb, in Love with Olivia'),(341,330,'Jerry Blackacre',NULL,'A true raw Squire under Age, and his Mothers Government, bred to the Law'),(342,330,'Olivia',NULL,'Manly\'s Mistress'),(343,330,'Fidelia',NULL,'In Love with Manly, and follow\'d him to Sea in Man\'s Cloaths'),(344,330,'Eliza',NULL,'Cousin to Olivia'),(345,330,'Lettice',NULL,'Olivia\'s woman'),(346,330,'The Widow Blackacre',NULL,'A petulant, litigious Widow, always in Law, and Mother to Squire Jerry'),(347,16,'Lavinio',NULL,'The Great Duke of Tuscany'),(348,16,'Brunetto','Horatio','Prince of Savoy'),(349,16,'Barberino',NULL,'Lord, Councellor to Lavinio'),(350,16,'Alberto',NULL,'Lord, Councellor to Lavinio'),(351,16,'Trappolin',NULL,'A Parasite, Pimp, Fidler, and Buffoon, transform\'d by Magick, and Usurper to Lavinio'),(352,16,'Mago',NULL,'A Conjurer'),(353,16,'Captain of the Guards',NULL,NULL),(354,16,'Isabella',NULL,'The Dutchess'),(355,16,'Prudentia',NULL,'Sister to Lavinio'),(356,16,'Flametta',NULL,'Trappolins Sweet-heart'),(357,17,'Rashley',NULL,'A Gentleman, Friend to Emillia'),(358,17,'Ranger',NULL,'Rashley\'s Rival'),(359,17,'Perrgrine Bubble',NULL,'A credulous fond Cuckold, Husband to Emillia'),(360,17,'Old Fumble',NULL,'A superannuated Alderman, that dotes on Black Women: He\'s very deaf, and almost blind; and seeking to cover his imperfection of not hearing what is said to him, answers quite contrary'),(361,17,'Sir Roger Petulant',NULL,'a jolly old Knight of the last Age'),(362,17,'Sneak',NULL,'Nephew to Sir Roger, a young raw Student'),(363,17,'Spatterdash',NULL,'Servant to Fumble'),(364,17,'Jeremy',NULL,'Servant to Rashley'),(365,17,'Apothecary',NULL,NULL),(366,17,'Emillia',NULL,'Wife to Bubble'),(367,17,'Maria',NULL,'Sister to Bubble'),(368,17,'Cordelia',NULL,'Nieve to Bubble'),(369,17,'Betty',NULL,'Woman to Emillia'),(370,17,'Governess',NULL,NULL),(371,22,'Bellamour',NULL,'A Gentleman of the Town, who had retired some time into the Countrey'),(372,22,'Carlos',NULL,'A Gentleman return\'d from Travel, with Wit enough left to love his own Countrey'),(373,22,'Stanmore',NULL,'A Gentleman of the Town'),(374,22,'Selfish',NULL,'A Coxcomb conceited of his Beauty, Wit and Breeding, thinking all Women in Love with him, always admiring and talking of himself'),(375,22,'Old Maggot',NULL,'An old credulous Fellow, a great Enemy to Wit, and a great Lover of Business, for Business-sake'),(376,22,'Young Maggot',NULL,'Old Maggot\'s Nephew: An Inns of Court-Man, who neglects his Law and runs mad after Wit, pretending much to Love, and both in spight of Nature, since his Face makes him unfit for one, and his Brains for the other'),(377,22,'Prig',NULL,'A Coxcomb that never talks or thinks of any thing but Dogs, Horses, Hunting, Hawking, Bowls, Tennis, and Gameing; a Rook, a most noisie Jockey'),(378,22,'Lump',NULL,'A methodical Blockhead, as regular as a Clock, and goes as true as a Pendulum, one that knows what he shall do every Day of his Life by his Almanack, where he sets down all his Actions before-hand, a mortal Enemy to Wit'),(379,22,'Lady Cheatly',NULL,'The true Widdow, that comes to Town, and makes a show of a Fortune, to put off her self, and her two Daughters'),(380,22,'Isabella',NULL,'Lady Cheatly\'s Eldest, a Woman of Wit and Vertue'),(381,22,'Gartrude',NULL,'Lady Cheatly\'s Youngest, very foolish and whorish'),(382,22,'Lady Busy',NULL,'A Woman of Intrigue, very busie in Love-Matters of all kinds, too old for Love of her own, always charitably helping forward that of others, very fond of young Women, very wise and discreet, half Bawd, half Match-maker'),(383,22,'Steward',NULL,'To Lady Cheatly'),(384,24,'Old Mr. Carleton',NULL,NULL),(385,24,'Mr. G. Carleton',NULL,'Old Mr. Carleton\'s Eldest Son'),(386,24,'Mr. J. Carleton',NULL,'Old Mr. Carleton\'s youngest Son in love with the Germaine Princess'),(387,24,'Mr. King',NULL,'Old Mr. Carleton\'s Son in Law'),(388,24,'A Parson',NULL,NULL),(389,24,'Mrs. King',NULL,NULL),(390,24,'Madam Moders',NULL,NULL),(391,24,'Old Mrs. Carleton',NULL,NULL),(392,25,'Ferdinand',NULL,'A young King of Spain, in Love with Florella'),(393,25,'Philip',NULL,'Ferdinand\'s Brother'),(394,25,'Abdelazer',NULL,'The Moor'),(395,25,'Mendozo',NULL,'Prince Cardinal, in Love with the Queen'),(396,25,'Alonzo',NULL,'A young Nobleman of Spain, contracted to Leonora'),(397,25,'Roderigo',NULL,'A Creature to the Moor'),(398,25,'Antonio',NULL,'An Officer of Philips'),(399,25,'Sebastian',NULL,'An Officer of Philips'),(400,25,'Osmin',NULL,'A Moor, and Officer to Abdelazer'),(401,25,'Zarrack',NULL,'A Moor, and Officer to Abdelazer'),(402,25,'Isabella',NULL,'Queen of Spain, Mother to Ferdinand and Philip, in Love with Abdelazer'),(403,25,'Leonora',NULL,'Isabella\'s Daughter, Sister to Ferdinand and Philip'),(404,25,'Florella',NULL,'Wife to Abdelazer, and Sister to Alonzo'),(405,25,'Elvira',NULL,'Woman to the Queen'),(406,14,'Captain Marine',NULL,NULL),(407,14,'Du Pier',NULL,'Captain Marine\'s Lieutenant'),(408,14,'Boldsprite',NULL,'The Ships Master'),(409,14,'Franvil',NULL,'A wild Fellow of the Town, that Rambles to Sea and deserts his Wife'),(410,14,'Frugal',NULL,'A wild Fellow of the Town, that Rambles to Sea and deserts his Wife'),(411,14,'Hazard',NULL,'A wild Fellow of the Town, that Rambles to Sea and deserts his Wife'),(412,14,'Surgeon',NULL,'of the Ship'),(413,14,'Don Sebastian',NULL,'Governour of several Portuguize Islands, but chas\'d from thence by French Pyrates'),(414,14,'Nicusa',NULL,'Don Sebastian\'s Son'),(415,14,'La Mure',NULL,'A Vilainous French Pyrate'),(416,14,'Bourcher',NULL,'His Companion, and Friend'),(417,14,'Boatswain',NULL,NULL),(418,14,'Chaplain',NULL,NULL),(419,14,'Roselia',NULL,'Protectress of the Amazonian Countrey'),(420,14,'Clarinda',NULL,'Roselia\'s Eldest Daughter'),(421,14,'Aminta',NULL,'Roselia\'s youngest Daughter, ravish\'d from her by La Mure, in her Infancy, and bred up with him'),(422,14,'Menalippe',NULL,'Amazonian'),(423,14,'Julietta',NULL,'Amazonian'),(424,14,'Hippolita',NULL,'Amazonian'),(425,14,'Ariadne',NULL,'Amazonian'),(426,14,'Aglaura',NULL,'Amazonian'),(427,14,'Clita',NULL,'Amazonian'),(428,141,'The King',NULL,NULL),(429,141,'Philaster',NULL,'Heir to the Crown'),(430,141,'Pharamond',NULL,'Prince of Spain'),(431,141,'Dion',NULL,'a Lord'),(432,141,'Cleremont',NULL,'Noble Gentleman Dion\'s Associate'),(433,141,'Thrasiline',NULL,'Noble Gentleman Dion\'s Associate'),(434,141,'Arethusa',NULL,'the Kings Daughter'),(435,141,'Galatea',NULL,'a wise modest Lady attending the Princess'),(436,141,'Megra',NULL,'a lascibious Lady'),(437,141,'Eusrasia','Bellario','Daughter of Dion, but disguised like a Page, and called Bellario'),(438,18,'Arbaces',NULL,'King of Iberia'),(439,18,'Tigranes',NULL,'King of Armenia'),(440,18,'Gobrias',NULL,'Lord Protector, and Father of Arbaces'),(441,18,'Bacurius',NULL,'another Lord'),(442,18,'Mardonius',NULL,'a Captain'),(443,18,'Bessus',NULL,'a Captian'),(444,18,'Ligoces',NULL,'Father of Spaconia'),(445,18,'Philip',NULL,'a servant'),(446,18,'Arane',NULL,'The Queens Mother'),(447,18,'Panthea',NULL,'Arane\'s Daughter'),(448,18,'Spaconia',NULL,'A Lady Daughter of Ligones'),(449,18,'Mandane',NULL,'A waiting woman'),(450,365,'Elder Loveless',NULL,'a Sutor to the Lady'),(451,365,'Young Loveless',NULL,'a Prodigal'),(452,365,'Savil',NULL,'Steward to Elder Loveless'),(453,365,'Lady',NULL,'Sister to Martha'),(454,365,'Martha',NULL,'Sister to Lady'),(455,365,'Younglove','Abigail','a waiting Gentlewoman'),(456,365,'Welford',NULL,'a Sutor to the Lady'),(457,365,'Sir Roger',NULL,'Curate to the Lady'),(458,365,'A Captain',NULL,'Hanger on to Young Loveless'),(459,365,'A Travailer',NULL,'Hanger on to Young Loveless'),(460,365,'A Poet',NULL,'Hanger on to Young Loveless'),(461,365,'A Tabaco-man',NULL,'Hanger on to Young Loveless'),(462,365,'Morecraft',NULL,'an Usurer'),(463,365,'A Rich Widow',NULL,NULL),(464,219,'Count Clodio',NULL,'Governour and a dishonourable pursuer of Zenocia'),(465,219,'Manuel du Sosa',NULL,'Governour of Lisbon, and Brother to Guiomar'),(466,219,'Arnoldo',NULL,'A Gentleman contracted to Zenocia'),(467,219,'Rutilio',NULL,'A merry Gentleman Brother to Arnoldo'),(468,219,'Charino',NULL,'Father to Zenocia'),(469,219,'Duarte',NULL,'Son to Guiomar, a Gentleman well qualified but vain glorious'),(470,219,'Alonzo',NULL,'a young Portugal Gentleman, enemy to Duarte'),(471,219,'Leopold',NULL,'a Sea Captain Enamour\'d on Hippolyta'),(472,219,'Zabulor',NULL,'a Jew, servant to Hippolyta'),(473,219,'Jaques',NULL,'servant to Sulpitia'),(474,219,'Doctor',NULL,NULL),(475,219,'Chirurgion',NULL,NULL),(476,219,'Page',NULL,NULL),(477,219,'Bravo',NULL,NULL),(478,219,'Zenocia',NULL,'Mistress to Arnoldo, and a chaste Wife'),(479,219,'Guiomar',NULL,'a vertuous Lady, Mother to Duarte'),(480,219,'Hippolyta',NULL,'a rich Lady, wantonly in Love with Arnoldo'),(481,219,'Sulpitia',NULL,'a Bawd, Mistress of the Male Stewes'),(482,219,'Guard',NULL,NULL),(483,234,'Lewis',NULL,'a Lord'),(484,234,'Miramont',NULL,'a Gentleman'),(485,234,'Brisac',NULL,'a Justice, Brother to Miramont'),(486,234,'Charles',NULL,'a Scholar, son to Brisac'),(487,234,'Eustace',NULL,'a Courtier, son to Brisac'),(488,234,'Egremont',NULL,'a Courtier, friend to Eustace'),(489,234,'Cowsy',NULL,'a Courtier, friend to Eustace'),(490,234,'Andrew',NULL,'Servant to Charles'),(491,234,'Cook',NULL,'Servant to Brisac'),(492,234,'Butler',NULL,'Servant to Brisac'),(493,234,'Priest',NULL,NULL),(494,234,'Notary',NULL,NULL),(495,234,'Angellina',NULL,'Daughter to Lewis'),(496,234,'Sylvia',NULL,'Angellina\'s Woman'),(497,234,'Lilly',NULL,'Wife to Andrew'),(498,379,'Don Henrique',NULL,'an uxorious Lord, cruel to his Brother'),(499,379,'Don Jamie',NULL,'younger Brother to Don Henrique'),(500,379,'Bartolus',NULL,'a covetous Lawyer Husband to Amaranta'),(501,379,'Leandro',NULL,'a Gentleman who wantonly loves the Lawyers Wife'),(502,379,'Angelo',NULL,'a Gentleman Friend to Leandro'),(503,379,'Milanes',NULL,'a Gentleman Friend to Leandro'),(504,379,'Arsenio',NULL,'a Gentleman Friend to Leandro'),(505,379,'Ascanio',NULL,'son to Don Henrique'),(506,379,'Octavio',NULL,'supposed Husband to Jacintha'),(507,379,'Lopez',NULL,'the Spanish Curate'),(508,379,'Diego',NULL,'Lopez\'s Sexton'),(509,379,'Assistant',NULL,'which we call a Judge'),(510,379,'Apparitor',NULL,NULL),(511,379,'Violante',NULL,'supposed Wife to Don Henrique'),(512,379,'Jacintha',NULL,'formerly contracted to Don Henrique'),(513,379,'Amaranta',NULL,'Wife to Bartolus'),(514,379,'A Woman Moor',NULL,'Servant to Amaranta'),(515,454,'Valentine',NULL,'a Gallant that will not be perswaded to keep his Estate'),(516,454,'Francisco',NULL,'Valentine\'s younger Brother'),(517,454,'Master Lovegood',NULL,'Valentine\'s and Francicso\'s Uncle'),(518,454,'A Merchant',NULL,'Friend to Master Lovegood'),(519,454,'Fountain',NULL,'companion of Valentine, Sutor to the Widow'),(520,454,'Bellamore',NULL,'companion of Valentine, Sutor to the Widow'),(521,454,'Hairbrain',NULL,'companion of Valentine, Sutor to the Widow'),(522,454,'Lance',NULL,'a Falkner, and an ancient servant to Valentines Father'),(523,454,'Shorthose',NULL,'the Clown, and servant to the Widow'),(524,454,'Roger',NULL,'servant to the Widow'),(525,454,'Ralph',NULL,'servant to the Widow'),(526,454,'Humphrey',NULL,'servant to the Widow'),(527,454,'Lady Hartwel',NULL,'a Widow'),(528,454,'Isabel',NULL,'her Sister'),(529,454,'Luce',NULL,'a waiting Gentlewoman to the Widow'),(530,181,'Wolfort',NULL,'an usurper of the Earldom of Flanders'),(531,181,'Gerrard','Clause','falsely called Clause, King of the Beggars, Father in Law to Florez'),(532,181,'Hubert',NULL,'an honest Lord, a friend to Gerrard'),(533,181,'Florez','Goswin','falsely called Goswin, a rich Merchant of Bruges'),(534,181,'Hempskirke',NULL,'a Captain under Wolford'),(535,181,'Herman',NULL,'a Courtier, inhabitant of Flanders'),(536,181,'A Merchant',NULL,'inhabitant of Flanders'),(537,181,'Vandunke',NULL,'a drunken Merchant friend to Gerrard, falsely called Father to Bertha'),(538,181,'1 Merchant',NULL,'of Bruges'),(539,181,'2 Merchant',NULL,'of Bruges'),(540,181,'3 Merchant',NULL,'of Bruges'),(541,181,'4 Merchant',NULL,'of Bruges'),(542,181,'Higgen',NULL,'a Knavish Beggar'),(543,181,'Prigg',NULL,'a Knavish Beggar'),(544,181,'Snapp',NULL,'a Knavish Beggar'),(545,181,'Ferret',NULL,'a Gentleman disguised under the name of Gerrard\'s party'),(546,181,'Ginkes',NULL,'a Gentleman disguised under the name of Gerrard\'s party'),(547,181,'Clown',NULL,NULL),(548,181,'Guard',NULL,NULL),(549,181,'A Sailor',NULL,NULL),(550,181,'Jaculin',NULL,'Daughter to Gerrard, beloved of Hubert'),(551,181,'Bertha','Gertrude','called Gertrude, Daughter to the Duke of Brabant, Mistress to Florez'),(552,181,'Margaret',NULL,'Wife to Vandunke'),(553,181,'Mrs Frances',NULL,'a frow Daughter to Vanlock'),(554,181,'Vanlock',NULL,'of Bruges'),(555,274,'King Antigonous',NULL,'an old Man with young desires'),(556,274,'Demetrius',NULL,'Son to Antigonus, in love with Celia'),(557,274,'Seleucus',NULL,'a King equal sharer with Antigonus of what Alexander had, united with Lysimachus and Ptolomie in opposing Antigonus'),(558,274,'Lysimachus',NULL,'a King equal sharer with Antigonus of what Alexander had, united with Seleucus and Ptolomie in opposing Antigonus'),(559,274,'Ptolomie',NULL,'a King equal sharer with Antigonus of what Alexander had, united with Seleucus and Lysimachus in opposing Antigonus'),(560,274,'Leontius',NULL,'a brave old merry Souldier, assistant to Demetrius'),(561,274,'Timon',NULL,'Servant to Antigonus, and his vice'),(562,274,'Charinthus',NULL,'Servant to Antigonus, and his vice'),(563,274,'Menippus',NULL,'Servant to Antigonus, and his vice'),(564,274,'The Humourous Lieutenant',NULL,NULL),(565,274,'Celia','Evanthe','Daughter to Seleucus, Mistriss to Demetrius'),(566,274,'Leucippe',NULL,'a Bawd, Agent for the Kings lust'),(567,274,'Governesse',NULL,'to Celia'),(568,274,'A Country-Woman',NULL,NULL),(569,274,'Phoebe',NULL,'The Country-Woman\'s Daughter'),(570,302,'Astorax',NULL,'King of Paphos'),(571,302,'Memnon',NULL,'the General and the Mad Lover'),(572,302,'Polydor',NULL,'Brother to Memnon, beloved of Calis'),(573,302,'Eumenes',NULL,'an eminent Souldier'),(574,302,'Polybius',NULL,'an eminent Souldier'),(575,302,'Chilax',NULL,'an old merry Souldier'),(576,302,'Syphax',NULL,'a Souldier in love with the Princess'),(577,302,'Stremon',NULL,'a Souldier that can sing'),(578,302,'Demagoras',NULL,'Servant to the General'),(579,302,'Chirurgion',NULL,NULL),(580,302,'Fool',NULL,NULL),(581,302,'Page',NULL,NULL),(582,302,'Calis',NULL,'Sister to the King, and Mistris to Memnon'),(583,302,'Cleanthe',NULL,'Sister to Syphax'),(584,302,'Lucippe',NULL,'one of the Princesses Women'),(585,302,'Priest of Venus',NULL,'an old wanton'),(586,302,'A Nun',NULL,NULL),(587,302,'Cloe',NULL,'a Camp Baggage'),(588,299,'Great Duke of Moscovia',NULL,NULL),(589,299,'Archas',NULL,'the Loyal Subject, General of the Moscovites'),(590,299,'Theodore',NULL,'Son to Archas; valorous, but impatient'),(591,299,'Putskie','Briskie','a Captain, Brother to Archas'),(592,299,'Alinda','Archas','Son to Archas'),(593,299,'Burris',NULL,'an honest Lord, the Dukes Favourite'),(594,299,'Boroskie',NULL,'a malicious seducing Councellor to the Duke'),(595,299,'Ensign to Archas',NULL,'a stout merry Souldier'),(596,299,'Olympia',NULL,'Sister to the Duke'),(597,299,'Honora',NULL,'Daughter of Archas'),(598,299,'Viola',NULL,'Daughter of Archas'),(599,299,'Potesca',NULL,'Servant to Olympia'),(600,299,'Bawd',NULL,'a Court Lady'),(601,293,'Dinant',NULL,'a Gentleman that formerly loved, and still pretended to love Lamira'),(602,293,'Cleremont',NULL,'a merry Gentleman, Dinant\'s friend'),(603,293,'Champernell',NULL,'a lame old Gentleman, Husband to Lamira'),(604,293,'Vertaign',NULL,'a Noble-man, and a Judge'),(605,293,'Beaupre',NULL,'Son to Vertaign'),(606,293,'Verdone',NULL,'Nephew to Champernell'),(607,293,'Monsieur La Writt',NULL,'a wrangling Advocate, or the Little Lawyer'),(608,293,'Sampson',NULL,'a foolish Advocate, Kinsman to Vertaign'),(609,293,'Provost',NULL,NULL),(610,293,'Lamira',NULL,'Wife to Champernell, and Daughter to Vertaign'),(611,293,'Anabell',NULL,'Nieve to Champernell'),(612,293,'Old Lady',NULL,'Nurse to Lamira'),(613,293,'Charlotte',NULL,'Waiting Gentlewoman to Lamira'),(614,447,'Valentinian',NULL,'Emperour of Rome'),(615,447,'Aecius',NULL,'the Emperours Loyal General'),(616,447,'Balbus',NULL,'a Panderer, and flatterer to the Emperour'),(617,447,'Proculus',NULL,'a Panderer, and flatterer to the Emperour'),(618,447,'Chilax',NULL,'a Panderer, and flatterer to the Emperour'),(619,447,'Licinius',NULL,'a Panderer, and flatterer to the Emperour'),(620,447,'Maximus',NULL,'a great Souldier, Husband to Lucina'),(621,447,'Lycias',NULL,'an Eunuch'),(622,447,'Pontius',NULL,'an honest Cashier\'d Centurion'),(623,447,'Phidias',NULL,'a bold and faithful Eunuch, Servant'),(624,447,'Aretus',NULL,'a bold and faithful Eunuch, Servant'),(625,447,'Afranius',NULL,'an eminent Captain'),(626,447,'Paulus',NULL,'a Poet'),(627,447,'Licippus',NULL,'a Courtier'),(628,447,'Eudoxia',NULL,'Emperess, Wife to Valentinian'),(629,447,'Lucina',NULL,'the chast abused Wife of Maximus'),(630,447,'Claudia',NULL,'Lucina\'s waiting Woman'),(631,447,'Marcellina',NULL,'Lucina\'s waiting Woman'),(632,447,'Ardelia',NULL,'the Emperours Bawd'),(633,447,'Phorba',NULL,'the Emperours Bawd'),(634,189,'Duke of Ferrara',NULL,NULL),(635,189,'Petruccio',NULL,'Governour of Bolognia'),(636,189,'Don John',NULL,'a Spanish Gentleman, and Comerade of Don Frederick'),(637,189,'Don Frederick',NULL,'a Spanish Gentleman, and Comerade of Don John'),(638,189,'Antonio',NULL,'an old stout Gentleman, Kinsman to Petruccio'),(639,189,'Francisco',NULL,'a Musician, Antonio\'s Boy'),(640,189,'Peter Vecchio',NULL,'a Teacher of Latine and Musick, a reputed Wizard'),(641,189,'Peter',NULL,'servant to Don John and Frederick'),(642,189,'Anthonie',NULL,'servant to Don John and Frederick'),(643,189,'A Surgeon',NULL,NULL),(644,189,'Constancia',NULL,'Sister to Petruccio, and Mistriss to the Duke'),(645,189,'Gentlewoman',NULL,'Servant to Constancia'),(646,189,'Old Gentlewoman',NULL,'Landlady to Don John and Frederick'),(647,189,'Constancia',NULL,'a Whore to old Antonio'),(648,189,'Bawd',NULL,NULL),(649,149,'Rollo',NULL,'Brother to Otto, Duke of Normandy'),(650,149,'Otto',NULL,'Brother to Rollo, Duke of Normandy'),(651,149,'Aubrey',NULL,'Rollo and Otto\'s kinsman'),(652,149,'Gisbert',NULL,'the Chancellour'),(653,149,'Baldwin',NULL,'the Princes Tutour'),(654,149,'Grandpree',NULL,'Captain of Rollo\'s faction'),(655,149,'Verdon',NULL,'Captain of Rollo\'s faction'),(656,149,'Trevile',NULL,'Captain of Otto\'s faction'),(657,149,'Duprete',NULL,'Captain of Otto\'s faction'),(658,149,'Latorch',NULL,'Rollo\'s Earwig'),(659,149,'Hamond',NULL,'Captain of the Guard to Rollo'),(660,149,'Allan',NULL,'Hamond\'s Brother'),(661,149,'Norbrett',NULL,'a cheating Rogue'),(662,149,'La Fisk',NULL,'a cheating Rogue'),(663,149,'Rufee',NULL,'a cheating Rogue'),(664,149,'De Bube',NULL,'a cheating Rogue'),(665,149,'Pipeau',NULL,'a cheating Rogue'),(666,149,'Cook',NULL,NULL),(667,149,'Yeoman of the Seller',NULL,NULL),(668,149,'Butler',NULL,NULL),(669,149,'Pantler',NULL,NULL),(670,149,'Sheriff',NULL,NULL),(671,149,'Guard',NULL,NULL),(672,149,'Sophia',NULL,'Mother to the Dukes'),(673,149,'Matilda',NULL,'her Daughter'),(674,149,'Edith',NULL,'Daughter to Baldwin'),(675,415,'De-Gard',NULL,'A Noble stay\'d Gentleman that being newly lighted from his Travels, assists his Sister Oriana in her chase of Mirabel the Wild-Goose'),(676,415,'La-Castre',NULL,'the Indulgent Father to Mirabell'),(677,415,'Mirabell',NULL,'the Wild-Goose, a Travell\'d Monsieur, and great defyer of all Ladies in the way of Marriage, otherwise their much loose servant, at last caught by the despis\'d Oriana'),(678,415,'Pinac',NULL,'Mirabell\'s fellow Traveller, of a lively spirit, and Servant to the no less sprightly Lillia-Bianca'),(679,415,'Belleur',NULL,'Companion to Mirabell and Pinac, of a stout blunt humour, in love with Rosalura'),(680,415,'Nantolet',NULL,'Father to Rosalura and Lillia-Bianca'),(681,415,'Lugier',NULL,'the rough and confident Tutor to the Ladies, and chief Engine to entrap the Wild-Goose'),(682,415,'Oriana',NULL,'the fair betroth\'d of Mirabell, and witty follower of the Chase'),(683,415,'Rosalura',NULL,'an Airie Daughter of Nantolet'),(684,415,'Lillia-Bianca',NULL,'an Airie Daughter of Nantolet'),(685,415,'A young Factor',NULL,NULL),(686,415,'Page',NULL,NULL),(687,415,'Singing-Boy',NULL,NULL),(688,415,'Priest',NULL,NULL),(689,23,'Alphonso',NULL,'King of Naples, elder Brother to Frederick'),(690,23,'Frederick',NULL,'unnatural and libidinous Brother to Alphonso, and usurper of his Kingdom'),(691,23,'Sorano',NULL,'a Lord, Brother to Evanthe, Frederick\'s wicked instrument'),(692,23,'Valerio',NULL,'a noble young Lord, servant to Evanthe'),(693,23,'Camillo',NULL,'an honest Court Lord'),(694,23,'Cleanthes',NULL,'an honest Court Lord'),(695,23,'Menallo',NULL,'an honest Court Lord'),(696,23,'Rugio',NULL,'an honest Lord, friend to Alphonso'),(697,23,'Marco',NULL,'a Frier, Alphonso\'s friend'),(698,23,'Podramo',NULL,'a necessary creature to Sorano'),(699,23,'Cupid',NULL,'a Masquer'),(700,23,'Tonie',NULL,'King Frederick\'s Knavish fool'),(701,23,'Castruccio',NULL,'Captain of the Cittadel, an honest man'),(702,23,'Lawyer',NULL,NULL),(703,23,'Physician',NULL,NULL),(704,23,'Captain',NULL,NULL),(705,23,'Cut-purse',NULL,NULL),(706,23,'Fool',NULL,NULL),(707,23,'Queen',NULL,'Wife to Frederick, a vertuous Lady'),(708,23,'Evanthe',NULL,'Sister to Sorano, the chaste Wife of Valerio, or a Wife for a Month'),(709,23,'Cassandra',NULL,'an old Bawd, Waiting-woman to Evanthe'),(710,329,'Governour',NULL,'of Segovia'),(711,329,'Verdugo',NULL,'a Captain under him'),(712,329,'Alphonso',NULL,'an old angry Gentleman'),(713,329,'Curio',NULL,'a Gentleman, friend to Alphonso'),(714,329,'Seberto',NULL,'a Gentleman, friend to Alphonso'),(715,329,'Pedro',NULL,'the Pilgrim, a noble Gentleman, Servant to Alinda'),(716,329,'An old Pilgrim',NULL,NULL),(717,329,'Lopes',NULL,'an Out law under Roderigo'),(718,329,'Jaques',NULL,'an Out law under Roderigo'),(719,329,'Roderigo',NULL,'rival to Pedro, Captain of the Out-laws'),(720,329,'A Gentleman',NULL,'of the Country'),(721,329,'Porter',NULL,NULL),(722,329,'Master',NULL,'of the Mad folks'),(723,329,'1 Gentleman',NULL,NULL),(724,329,'2 Gentleman',NULL,NULL),(725,329,'3 Gentleman',NULL,NULL),(726,329,'1 Peasant',NULL,NULL),(727,329,'2 Peasant',NULL,NULL),(728,329,'3 Peasant',NULL,NULL),(729,329,'4 Peasant',NULL,NULL),(730,329,'A Scholar',NULL,'Madman'),(731,329,'A Parson',NULL,'Madman'),(732,329,'An Englishman',NULL,'Madman'),(733,329,'Jenkin',NULL,'Madman'),(734,329,'Fool',NULL,NULL),(735,329,'Alinda',NULL,'Daughter to Alphonso, Pedro\'s Lady'),(736,329,'Juletta',NULL,'Alinda\'s Maid, a witty Lass'),(737,285,'The Prologue',NULL,NULL),(738,285,'Citizen',NULL,NULL),(739,285,'Citizen\'s Wife',NULL,NULL),(740,285,'Ralph',NULL,'Citizen\'s Wife\'s Man'),(741,285,'A rich Merchant',NULL,NULL),(742,285,'Jasper',NULL,'the Merchant\'s Apprentice'),(743,285,'Master Humphrey',NULL,'a friend to the Merchant'),(744,285,'Luce',NULL,'the Merchants Daughter'),(745,285,'Mistress Merry-thought',NULL,'Jaspers Mother'),(746,285,'Michael',NULL,'a second Son of Mistriss Merry-thought'),(747,285,'Old M. Merry-thought',NULL,NULL),(748,285,'A Squire',NULL,NULL),(749,285,'A Dwarfe',NULL,NULL),(750,285,'A Tapster',NULL,NULL),(751,285,'A Boy that Danceth and Singeth',NULL,NULL),(752,285,'An Host',NULL,NULL),(753,285,'A Barber',NULL,NULL),(754,285,'1 Knight',NULL,NULL),(755,285,'2 Knight',NULL,NULL),(756,285,'A Captain',NULL,NULL),(757,285,'A Sergeant',NULL,NULL),(758,119,'Governor of Barcellona',NULL,NULL),(759,119,'Leonardo',NULL,'a noble Genoese, Father to Marc-Antonio'),(760,119,'Don Zanchio',NULL,'an old lame angry Soldier, Father to Leocadia'),(761,119,'Alphonso',NULL,'a cholerick Don, Father to Theodosia'),(762,119,'Philippo',NULL,'Son to Alphonso, Lover of Leocadia'),(763,119,'Marc-Antonio',NULL,'Son to Leonardo'),(764,119,'Pedro',NULL,'a Gentleman and friend to Leonardo'),(765,119,'Rodorigo',NULL,'General of the Spanish Gallies'),(766,119,'Incubo',NULL,'Bailiff of Castel Bianco'),(767,119,'Diego',NULL,'Host of Ossuna'),(768,119,'Lazaro',NULL,'Hostler to Diego'),(769,119,'Host of Barcellona',NULL,NULL),(770,119,'Bailiff of Barcellona',NULL,NULL),(771,119,'Theodosia',NULL,'Daughter to Alphonso, Love-sick Lady in pursuit of Marc-Antonio'),(772,119,'Leocadia',NULL,'Daughter to Don Zanchio, Love-sick Lady in pursuit of Marc-Antonio'),(773,119,'Eugenia',NULL,'Wife to the Governor of Barcellona'),(774,119,'Hostess',NULL,'Wife to Diego'),(775,119,'Hostess',NULL,'Wife to the Host of Barcellona'),(776,229,'Ferrand',NULL,'The libidinous Tyrant of Naples'),(777,229,'Virolet',NULL,'A noble Gentleman studious of his Countries freedom'),(778,229,'Brissonet',NULL,'An honest Gentleman, confederate with Virolet'),(779,229,'Camillo',NULL,'An honest Gentleman, confederate with Virolet'),(780,229,'Ronvere',NULL,'A villain, Captain of the Guard'),(781,229,'Villio',NULL,'A Court fool'),(782,229,'Castruccio',NULL,'A court Parasite'),(783,229,'Pandulpho',NULL,'A noble Gentleman of Naples, Father to Virolet'),(784,229,'The Duke of Sesse',NULL,'An enemy to Ferrand, proscribed and turn\'d Pirate'),(785,229,'Ascanio',NULL,'Nephew and successor to Ferrand'),(786,229,'Boy',NULL,'Page to Virolet'),(787,229,'Master',NULL,NULL),(788,229,'Gunner',NULL,NULL),(789,229,'Boat-swain',NULL,NULL),(790,229,'Chirurgion',NULL,NULL),(791,229,'Doctor',NULL,NULL),(792,229,'Guard',NULL,NULL),(793,229,'Juliana',NULL,'The matchless Wife of Virolet'),(794,229,'Martia',NULL,'Daughter to the Duke of Sesse'),(795,303,'Don Philippo',NULL,'King of Spain'),(796,303,'Otrante',NULL,'a Spanish Count, in love with Florimel'),(797,303,'Julio',NULL,'a Noble Man, Uncle to Antonio'),(798,303,'Bellides',NULL,'Father to Ismenia, Enemy to Julio'),(799,303,'Lisauro',NULL,'Brother to Ismenia, Bellides Son'),(800,303,'Terzo',NULL,'Kinsman to Lisauro, and friend to Bellides'),(801,303,'Antonio',NULL,'In love with Ismenia, an enemy to Bellides'),(802,303,'Martino',NULL,'Friend to Antonio, and his secret Rival'),(803,303,'Gerasto',NULL,'Friend to Otrante'),(804,303,'Pedro',NULL,'a Courtier'),(805,303,'Moncado',NULL,'a Courtier'),(806,303,'Gostanzo',NULL,'a Gentleman, Friend to Julio'),(807,303,'Giraldo',NULL,'a Gentleman, Friend to Julio'),(808,303,'Philippo',NULL,'a Gentleman, Friend to Julio'),(809,303,'Vertigo',NULL,'A French Tailor'),(810,303,'Franio',NULL,'A Miller, supposed Father to Florimell'),(811,303,'Bustopha',NULL,'Franio his Son, a Clown'),(812,303,'Constable',NULL,NULL),(813,303,'Pedro',NULL,'A Songster'),(814,303,'Ismenia',NULL,'Daughter to Bellides, Mistriss of Antonio'),(815,303,'Aminta',NULL,'Cousen to Ismenia, and her private competrix in Antonio\'s love'),(816,303,'Florimell',NULL,'Supposed Daughter to Franio, Daughter to Julio, stolen from him as a child'),(817,303,'Gillian',NULL,'Franio the Millers Wife'),(818,456,'Duke of Siena',NULL,'Suitor to Belvidere'),(819,456,'Silvio',NULL,'A Gentleman of quality, servant to Belvidere'),(820,456,'Claudio',NULL,'Silvio\'s friend, brother to Isabella'),(821,456,'Bartello',NULL,'Captain of the Citadel, Uncle to Silvio'),(822,456,'Lopez',NULL,'A sordid Usurer, the jealous Husband of Isabella'),(823,456,'Penurio',NULL,'A hungry servant to Lopez'),(824,456,'Soto',NULL,'A merry servant to Claudio'),(825,456,'A Farmer',NULL,'Father to Soto'),(826,456,'Captain',NULL,NULL),(827,456,'A Clarke',NULL,NULL),(828,456,'Bomby',NULL,'An enemy to Watches and May-poles'),(829,456,'Dutchess of Florence',NULL,NULL),(830,456,'Belvidere',NULL,'A virtuous Princess, daughter to the Dutchess, in love with Silvio'),(831,456,'Rodope',NULL,'wife to Bartello'),(832,456,'Isabella',NULL,'Wife to Lopez, and Sister to Claudio'),(833,456,'Jaquenett',NULL,'servant to Isabella'),(834,321,'Tom Lurcher',NULL,NULL),(835,321,'Jack Wild-brain',NULL,NULL),(836,321,'Justice Algripe',NULL,NULL),(837,321,'Frank Hartlove',NULL,NULL),(838,321,'Toby',NULL,NULL),(839,321,'Sexton',NULL,NULL),(840,321,'Boy',NULL,NULL),(841,321,'A Lady',NULL,'Mother to Maria'),(842,321,'Maria',NULL,NULL),(843,321,'Nurse',NULL,NULL),(844,321,'Mistriss New-love',NULL,NULL),(845,321,'Mistriss',NULL,NULL),(846,389,'Moroso',NULL,'an old rich doating Citizen, suitor to Livia'),(847,389,'Sophocles',NULL,'a Gentleman, friend to Petruchio'),(848,389,'Tranio',NULL,'a Gentleman, friend to Petruchio'),(849,389,'Petruchio',NULL,'An Italian Gentleman, Husband to Maria'),(850,389,'Rowland',NULL,'A young Gentleman, in love with Livia'),(851,389,'Petronius',NULL,'Father to Maria and Livia'),(852,389,'Jaques',NULL,'a witty servant to Petruchio'),(853,389,'Pedro',NULL,'a witty servant to Petruchio'),(854,389,'Doctor',NULL,NULL),(855,389,'Apothecarie',NULL,NULL),(856,389,'Maria',NULL,'A chaste witty Lady, one of the two masculine daughters of Petronius'),(857,389,'Livia',NULL,'Mistriss to Rowland, one of the two masculine daughters of Petronius'),(858,389,'Biancha',NULL,'Their Cosin, and Commander in chief'),(859,281,'King of Sidore, an Island',NULL,NULL),(860,281,'King of Bakam',NULL,'Suitor to the Princess Quisara'),(861,281,'King of Siana',NULL,'Suitor to the Princess Quisara'),(862,281,'Governer of Terna, an Island',NULL,'An ill man'),(863,281,'Ruy Dias',NULL,'a Captain of Portugal, also suitor to the Princess'),(864,281,'Piniero',NULL,'Nephew to Ruy Dias, a merry Captain'),(865,281,'Christophero',NULL,'a Soldier and Friend to Piniero'),(866,281,'Pedro',NULL,'a Soldier and Friend to Piniero'),(867,281,'Armusia',NULL,'a noble daring Portugueze, in love with the Princess'),(868,281,'Soza',NULL,'companion to Armusia, and his valiant follower'),(869,281,'Emanuel',NULL,'companion to Armusia, and his valiant follower'),(870,281,'Keeper',NULL,NULL),(871,281,'Guard',NULL,NULL),(872,281,'Captain',NULL,NULL),(873,281,'Quisara',NULL,'the Island Princess, Sister to the King of Sidore'),(874,281,'Quisara',NULL,'Aunt to the Princess'),(875,281,'Panura',NULL,'Waiting-woman to the Princess Quisara'),(898,366,'Albert',NULL,'a French Pirat, in love with Aminta'),(899,366,'Tibalt du Pont',NULL,'a merry Gentleman, friend to Albert'),(900,366,'Master of the Ship',NULL,'an honest merry man'),(901,366,'Lamure',NULL,'an usuring Merchant'),(902,366,'Franville',NULL,'a vain-glorious gallant'),(903,366,'Morillat',NULL,'a shallow-brain\'d Gentleman'),(904,366,'Bortswain',NULL,'an honest man'),(905,366,'Sebastian',NULL,'a noble Gentleman of Portugal, Husband to Rosellia'),(906,366,'Nicusa',NULL,'Nephew to Sebastian, both cast upon a desart Island'),(907,366,'Raimond',NULL,'brother to Aminta'),(908,366,'Surgeon',NULL,NULL),(909,366,'Aminta',NULL,'Mistriss to Albert, a noble French Virgin'),(910,366,'Rosellia',NULL,'Governess of the Amazonian Portugals'),(911,366,'Clarinda',NULL,'Daughter to Rosellia, in love with Albert'),(912,366,'Hippolita',NULL,'a Lady, Member of the Female Common-wealth'),(913,366,'Crocale',NULL,'a Lady, Member of the Female Common-wealth'),(914,366,'Juletta',NULL,'a Lady, Member of the Female Common-wealth'),(915,67,'Cupid',NULL,NULL),(916,67,'Leontius',NULL,'the old Duke of Lycia'),(917,67,'Leucippus',NULL,'Son to the Duke'),(918,67,'Ismenus',NULL,'Nephew to the Duke'),(919,67,'Telamon',NULL,'a Lycian Lord'),(920,67,'Dorialus',NULL,'Courtier'),(921,67,'Agenor',NULL,'Courtier'),(922,67,'Nisus',NULL,'Courtier'),(923,67,'Timantus',NULL,'a villainous Sycophant'),(924,67,'The Priest of Cupid',NULL,NULL),(925,67,'Nilo',NULL,'sent in Commission to pull down Cupid\'s Image'),(926,67,'1 Young Man',NULL,NULL),(927,67,'2 Young Man',NULL,NULL),(928,67,'3 Young Man',NULL,NULL),(929,67,'4 Young Man',NULL,NULL),(930,67,'1 Young Maid',NULL,NULL),(931,67,'2 Young Maid',NULL,NULL),(932,67,'3 Young Maid',NULL,NULL),(933,67,'4 Young Maid',NULL,NULL),(934,67,'Zoilus',NULL,'Leucippus\'s Dwarf'),(935,67,'1 Citizen',NULL,NULL),(936,67,'2 Citizen',NULL,NULL),(937,67,'3 Citizen',NULL,NULL),(938,67,'4 Citizen',NULL,NULL),(939,67,'Hidaspes',NULL,'Daughter to the Duke'),(940,67,'Cleophila',NULL,'Attendant to Hidaspes'),(941,67,'Hero',NULL,'Attendant to Hidaspes'),(942,67,'Bacha',NULL,'a Strumpet'),(943,67,'Urania',NULL,'her Daughter'),(944,67,'Bacha\'s Maid',NULL,NULL),(945,67,'Urania\'s Maid',NULL,NULL),(946,351,'Arcon',NULL,'The Prince of Arcadia'),(947,351,'Polynices',NULL,'Arcon\'s General'),(948,351,'Provost',NULL,'Master and keeper of the Cittadel'),(949,351,'Theocles',NULL,'Rival to Philander for the Princess Heraclia'),(950,351,'Philander',NULL,'Rival to Philander for the Princess Heraclia'),(951,351,'Cunopes',NULL,'The Provost\'s Man'),(952,351,'Heraclia',NULL,'Neece to the Prince'),(953,351,'Celania',NULL,'Daughter to the Provost'),(954,351,'Leucippe',NULL,'Celania\'s Maid'),(955,371,'Solyman',NULL,'The Magnificent'),(956,371,'Pirrhus',NULL,'Visier Bassa'),(957,371,'Mustapha',NULL,'Bassa'),(958,371,'Rustan',NULL,'Bassa'),(959,371,'Haly',NULL,'Eunuch Bassa'),(960,371,'Villerius',NULL,'Grand Master of Rhodes'),(961,371,'Alphonso',NULL,'A Cicilian Duke'),(962,371,'Admiral',NULL,'Of Rhodes'),(963,371,'High Marshal',NULL,'Of Rhodes'),(964,371,'Roxolana',NULL,'Wife to Solyman'),(965,371,'Ianthe',NULL,'Wife to Alphonso'),(966,372,'Solyman',NULL,'The Magnificent'),(967,372,'Pirrhus',NULL,'Visier Bassa'),(968,372,'Mustapha',NULL,'Bassa'),(969,372,'Rustan',NULL,'Bassa'),(970,372,'Haly',NULL,'Eunuch Bassa'),(971,372,'Villerius',NULL,'Grand Master of Rhodes'),(972,372,'Alphonso',NULL,'A Cicilian Duke'),(973,372,'Admiral',NULL,'Of Rhodes'),(974,372,'High Marshal',NULL,'Of Rhodes'),(975,372,'Roxolana',NULL,'Wife to Solyman'),(976,372,'Ianthe',NULL,'Wife to Alphonso'),(977,399,'Heildebrand',NULL,'King of the Lombards'),(978,399,'Ascoli',NULL,'Prince of Verona'),(979,399,'Altophil',NULL,'A Duke and General'),(980,399,'Rangone',NULL,'A Count, Captain of the Guard to Ascoli'),(981,399,'Galeotto',NULL,'A politick stout ambitious favorite to Ascoli'),(982,399,'Morello',NULL,'A Gentleman, and creature to Galeotto'),(983,399,'Gandolpho',NULL,'Brother to Morello, Captain of the Fort in Verona'),(984,399,'Rampino',NULL,'A young gallant Souldier, much indebted and vexed by Creditors'),(985,399,'Brusco',NULL,'An old Captain, Rampino\'s companion'),(986,399,'Hirco',NULL,'A Souldier, companion to Rampino and Brusco'),(987,399,'Frisklin',NULL,'An ambitious Taylor, to whom Rampino owes money'),(988,399,'Arthiope',NULL,'Mistress to Altophil'),(989,399,'Amaranta',NULL,'Arthiope\'s Rival, daughter to Galeotto'),(990,399,'Orna',NULL,'Cousin to Amaranta'),(991,399,'A Carthusian',NULL,NULL),(992,417,'Pallatine the Elder',NULL,'Richly Landed and a Wit'),(993,417,'Pallatine the Younger',NULL,'A Wit too, but lives on his exhibition in Town'),(994,417,'Sir Morglay Thwack',NULL,'A humerous rich old Knight'),(995,417,'Sir Tirant Thrift',NULL,'Guardian to the Lady Ample'),(996,417,'Meager',NULL,'A Souldier newly come from Holland'),(997,417,'Pert',NULL,'Meager\'s Comrade'),(998,417,'Engine',NULL,'Steward to Sir Tirant Thrift'),(999,417,'The Lady Ample',NULL,'An Inheretrix, and Ward to Sir Tirant Thrift'),(1000,417,'Lucy',NULL,'Mistress to the younger Pallatine'),(1001,417,'Ginet',NULL,'Woman to the Lady Ample'),(1002,417,'Snore',NULL,'A Constable'),(1003,417,'Mistress Snore',NULL,'Snore\'s Wife'),(1004,417,'Mistress Queasie',NULL,'Mistress Snore\'s Neighbour'),(1005,110,'The old Duke of Savoy',NULL,NULL),(1006,110,'2 Ambassador',NULL,'The Duke of Savoy\'s Brother, disguised like an Ambassador'),(1007,110,'1 Ambassador','The Duke of Millain','Disguised like an Ambassador'),(1008,110,'Alvaro',NULL,'Prince of Savoy'),(1009,110,'Leonel',NULL,'Prince of Parma'),(1010,110,'Prospero',NULL,'a young Count'),(1011,110,'Caladine',NULL,'an old Counsellor'),(1012,110,'Altesto',NULL,'an Officer and a Souldier'),(1013,110,'Frivolo',NULL,'an Officer and a Souldier'),(1014,110,'Tristan',NULL,'an Officer and a Souldier'),(1015,110,'Evandra',NULL,'Heir of Millain'),(1016,110,'Melora',NULL,'Sister to Leonel'),(1017,110,'An old Widow',NULL,NULL),(1018,110,'Lelia',NULL,'The old Widow\'s Maid'),(1019,110,'Boy',NULL,NULL),(1020,288,'The Duke of Savoy',NULL,NULL),(1021,288,'Lord Angelo',NULL,'Deputy to The Duke of Savoy'),(1022,288,'Benedict',NULL,'Brother to Angelo'),(1023,288,'Lucio',NULL,'Benedict\'s Friend'),(1024,288,'Balthazar',NULL,'Benedict\'s Friend'),(1025,288,'Eschalus',NULL,'a Counsellor'),(1026,288,'Claudio',NULL,'in love with Julietta'),(1027,288,'Provost',NULL,NULL),(1028,288,'Fryer Thomas',NULL,NULL),(1029,288,'Bernardine',NULL,'a Prisoner'),(1030,288,'Jaylor',NULL,NULL),(1031,288,'Fool',NULL,NULL),(1032,288,'Hangman',NULL,NULL),(1033,288,'Beatrice',NULL,'a great Heiress'),(1034,288,'Isabella',NULL,'Sister to Claudio'),(1035,288,'Julietta',NULL,'Mistress to Claudio'),(1036,288,'Viola',NULL,'Sister to Beatrice; very young'),(1037,288,'Francisca',NULL,'a Nun'),(1038,308,'Don Ferdinand',NULL,'Father to Isabella'),(1039,308,'Don John',NULL,'Suitor to Isabella'),(1040,308,'Don Lewis',NULL,'Rival to Don John'),(1041,308,'Sancho',NULL,'Steward to Don Ferdinand'),(1042,308,'Jodlet',NULL,'Servant to Don John'),(1043,308,'Stephano',NULL,'Servant to Don Lewis'),(1044,308,'Isabella',NULL,'Daughter to Don Ferdinand'),(1045,308,'Lucilla',NULL,'Sister to Don John'),(1046,308,'Bettris',NULL,'Isabella\'s Maid'),(1047,308,'Laura',NULL,'Lucilla\'s Maid'),(1048,26,'King',NULL,'in love with Aglaura'),(1049,26,'Thersames',NULL,'Prince, in love with Aglaura'),(1050,26,'Orbella',NULL,'Queen at first Mistress to Ziriff: in love with Ariaspes'),(1051,26,'Ariaspes',NULL,'Brother to the King'),(1052,26,'Ziriff','Zorannez','Otherways Zorannez disguised, Captain of the Guard, in love with Orbella: brother to Aglaura'),(1053,26,'Iolas',NULL,'A Lord of the Councel, seeming friend to the Prince, but a Traytor, in love with Semanthe'),(1054,26,'Aglaura',NULL,'In love with the Prince, but nam\'d Mistress to the King'),(1055,26,'Orsames',NULL,'A young Lord antiplatonique; friend to the Prince'),(1056,26,'Philan',NULL,'A young Lord antiplatonique; friend to the Prince'),(1057,26,'Semanthe',NULL,'In love with Ziriff: Platonique'),(1058,26,'Orithie',NULL,'In love with Thersames'),(1059,26,'Pasithas',NULL,'A faithful servant'),(1060,26,'Jolinas',NULL,'Aglaura\'s waiting woman'),(1061,26,'Priest',NULL,NULL),(1062,26,'Guard',NULL,NULL),(1063,40,'Maria Cesarissa',NULL,'Daughter to Manuel, late Emperour of Constantinople'),(1064,40,'Zena',NULL,'the Empresse, Mother to Alexius'),(1065,40,'Eudoxa',NULL,'Lady of Honour to Zena'),(1066,40,'Irene',NULL,'Lady of Honour to Zena'),(1067,40,'Artemia',NULL,'a Court-Lady, wife to Menander'),(1068,40,'Anna',NULL,'Emperesse to Alexius, afterwards to Andronicus'),(1069,40,'Juletta',NULL,'Maid of Honour to Anna'),(1070,40,'Alexius',NULL,'Son of Manuel, and Emperour'),(1071,40,'Andronicus',NULL,'Kinsman, Murderer and Successor to Alexius'),(1072,40,'Isachius',NULL,'next of the Imperial Line; at last Emperour'),(1073,40,'Ducas',NULL,'a Prince of the Blood'),(1074,40,'Basilius',NULL,'Patriarch of Constantinople'),(1075,40,'Monobius',NULL,'a Hermite newly quitting his Cell'),(1076,40,'Cleobulus',NULL,'an Aged Privy Counsellour'),(1077,40,'Paleologus',NULL,'a young Courtier'),(1078,40,'Lapardas',NULL,'an Instrument to promote Andronicus'),(1079,40,'Menander',NULL,'a Courtier, and Husband to Artemia'),(1080,40,'Crato',NULL,'a States-man'),(1081,40,'Asotus',NULL,'a dissolute man, and debautcher of Alexius'),(1082,40,'Panergus',NULL,'Ingineer-General to Andronicus in all his villanies'),(1083,40,'Philobiblus',NULL,'Tutor to Alexius'),(1084,40,'Spiculator',NULL,'an Executioner'),(1085,209,'Sylvanus',NULL,'chief Shepherd of Lycea, and Father of Traumatius and Astrea'),(1086,209,'Astatius',NULL,'the rambling Shepherd'),(1087,209,'Philisides','Euplaste','a young Shepherd of Dipea, in Love with Astrea, and disguis\'d in a Shepherdesses Habit, by the name of Euplaste'),(1088,209,'Traumatius','Evander','supposed dead, and disguis\'d in the Habit of a Priest, under the name of Evander'),(1089,209,'Ismenius',NULL,'a Priest'),(1090,209,'Melibeus',NULL,'a Shepherd'),(1091,209,'Lilla',NULL,'Mother to Alveria and Aunt to Philisides'),(1092,209,'Astrea',NULL,'Sylvanus\'s Daughter'),(1093,209,'Alveria',NULL,'Lilla\'s Daughter, in Love with Traumatius'),(1094,209,'Lipomene',NULL,'Shepherdess'),(1095,209,'Cloris',NULL,'Shepherdess'),(1096,209,'Sylvia',NULL,'Shepherdess'),(1097,209,'Clinias',NULL,'a merry Shepherd and Servant to Astatius'),(1098,209,'Darmetas',NULL,'Servant to Sylvanus'),(1099,65,'King Charles the first',NULL,NULL),(1100,65,'Sir Henry Slingsby',NULL,NULL),(1101,65,'Dr. Hewet',NULL,NULL),(1102,65,'Bishop Juxon',NULL,NULL),(1103,65,'Dr. Wilde',NULL,NULL),(1104,65,'Dr. Warmstrey',NULL,NULL),(1105,65,'Mr. Mordant',NULL,NULL),(1106,65,'Oliver Cromwell',NULL,'Protector'),(1107,65,'Richard Cromwell',NULL,'Protector'),(1108,65,'Peters',NULL,NULL),(1109,65,'Pride',NULL,NULL),(1110,65,'Lord President Lisle',NULL,NULL),(1111,65,'Phelps',NULL,'Clerk to the Court'),(1112,65,'Attorney General',NULL,NULL),(1113,65,'Sergeant at Arms',NULL,NULL),(1114,65,'Lord Mayor of London',NULL,NULL),(1115,65,'Lord General Monk',NULL,NULL),(1116,65,'Alderman Robinson',NULL,NULL),(1117,65,'1 Citizen',NULL,NULL),(1118,65,'2 Citizen',NULL,NULL),(1119,65,'Lady Cromwell',NULL,NULL),(1120,65,'Lady Claypool',NULL,NULL),(1121,65,'Mrs. Lambert',NULL,NULL),(1122,65,'Physician',NULL,NULL),(1123,65,'Executioner',NULL,NULL),(1124,241,'Timothy Turbulent',NULL,'One that hates all sorts of Government and Governours, and is always railing against the Times, Guardian to his Neece Mrs. Well-bred'),(1125,241,'Furnish',NULL,'Nephew to Mr. Turbulent, a swaggering, debauched Person, who has nothing, lives by his Wits, yet furnishes others with Money and Goods'),(1126,241,'Hangby',NULL,'A Creature of Furnish\'s, and a Cheat'),(1127,241,'Grin Sneak',NULL,'A great Projector, and a Fop'),(1128,241,'Fiincal Cringe',NULL,'A Balderdash Poet, and an Apish Citizen, makes love to Mrs. Well-bred'),(1129,241,'Rabsheka Sly',NULL,'A Creature of Mr. Turbulent\'s, and one of his private Cabal, a private Sinner, and Railer against the Times'),(1130,241,'Abednego Suck-Thumb',NULL,'Another Creature of Turbulent\'s'),(1131,241,'Mr. Fairlove',NULL,'A Gentleman of Sense and Understanding, in love with Mrs. Lucy'),(1132,241,'Friendly',NULL,'Of Mr. Fairlove\'s acquaintance, averse to Marriage'),(1133,241,'Dr. Quibus',NULL,'A French Doctor, that gives Physick to Turbulent'),(1134,241,'Pollux',NULL,'Turbulent\'s Man'),(1135,241,'Mrs. Turbulent',NULL,NULL),(1136,241,'Lady Medler',NULL,'A very busie, Match-making Lady, a pretender to get Pattents for Sneak'),(1137,241,'Lucia Well-bred',NULL,'Neece to Mr. Turbulent, in Love with Fairlove'),(1138,241,'Priscilla',NULL,'Turbulent\'s Daughter, A Quaker, yet desirous to be thought Learned'),(1139,241,'Mrs. Sly',NULL,'Wife to Rabsheka'),(1140,248,'Sir Christopher Credulous',NULL,'A Rich old Knight, father to Clarinda'),(1141,248,'Bellamy',NULL,'In Love with Clarinda, and belov\'d by Celia'),(1142,248,'Endimion',NULL,'Once a Pretender to Clarinda'),(1143,248,'Gratian',NULL,'In love with Celia'),(1144,248,'Lewis',NULL,'Friend to Endimion, and Gratian'),(1145,248,'Bernard',NULL,'Friend to Endimion, and Gratian'),(1146,248,'Clarinda',NULL,'Mistress to Bellamy'),(1147,248,'Celia',NULL,'In Love with Bellamy, and belov\'d by Gratian'),(1148,248,'Fannie',NULL,'A little Cosen of Celia\'s'),(1149,248,'Beatrix',NULL,'Clarinda\'s Chambermaid'),(1150,248,'Luce',NULL,'Celia\'s Chambermaid'),(1151,248,'La-gripe',NULL,'An old French man, a servant of Sir Christopher\'s'),(1152,248,'Rudeman',NULL,'Bellamy\'s Man'),(1153,248,'Shift',NULL,'A witty Knave, servant to Endimion'),(1154,248,'Rawman',NULL,'A witty Knave, servant to Endimion'),(1155,102,'Mahomet the Second',NULL,'surnam\'d the Great, Emperour of the Turks'),(1156,102,'Carazias',NULL,'Mahomet\'s Lieutenant General in Europe'),(1157,102,'Mustapha',NULL,'Bassa, who had bin educated and brought up with Mahomet'),(1158,102,'Zoganus',NULL,'another Bassa'),(1159,102,'Caly Bassa',NULL,'another Bassa'),(1160,102,'Mahometes',NULL,'another Bassa'),(1161,102,'The Aga of the Janizaries',NULL,NULL),(1162,102,'Osman',NULL,'a Janizary'),(1163,102,'Murat',NULL,'a Janizary'),(1164,102,'An Eunuch',NULL,NULL),(1165,102,'Justinianus',NULL,'Generall to the late Greek Emperour Constantinus Palaeologus'),(1166,102,'Honorius',NULL,'Friend to Justinianus'),(1167,102,'Irena',NULL,'a Lady'),(1168,102,'Perinthia',NULL,'a Lady'),(1169,305,'Mr. Easy',NULL,'An old Husband'),(1170,305,'Courtwell',NULL,'Mr. Easy\'s Kinsman, a brisk Gallant, newly arriv\'d from Spain'),(1171,305,'Lovechange',NULL,'Privately married to Mrs. Woodbee'),(1172,305,'Sir Ralph Spatter',NULL,'A foolish Country Knight, Rival to Amorous'),(1173,305,'Jo',NULL,'Spatter\'s Man'),(1174,305,'Amorous',NULL,'Servant to Grace, and Nephew to Mrs. Woodbee'),(1175,305,'Mrs. Easy',NULL,'Young Wife to old Easy'),(1176,305,'Mrs Woodbee',NULL,NULL),(1177,305,'Grace',NULL,'In love with Amorous, and Neece to old Easy'),(1178,305,'Perigreen','Camilla','Alias Camilla, a Spanish Lady in Disguise'),(1179,305,'Peg',NULL,'Woman to Mrs. Easy'),(1180,305,'Clare',NULL,'Woman to Mrs. Woodbee'),(1181,305,'Betty',NULL,'Woman to Grace'),(1182,142,'Nero',NULL,'Emperour of Rome'),(1183,142,'Nimphidius',NULL,'A Noble Man of Rome, and Favourite to Poppea'),(1184,142,'Tigellinus',NULL,'Nero\'s Creditour'),(1185,142,'Neophilus',NULL,'a Courtier'),(1186,142,'Epophiriditus',NULL,'a Courtier'),(1187,142,'Petronius',NULL,'a Courtier'),(1188,142,'Antonius',NULL,'in Love with Poppea'),(1189,142,'Flavius',NULL,'A Commander in the Army'),(1190,142,'Piso',NULL,'a Senator, and Noble Man of Rome'),(1191,142,'Seneca',NULL,'a Senator, and Noble Man of Rome'),(1192,142,'Lucan',NULL,'a Senator, and Noble Man of Rome'),(1193,142,'Scevinus',NULL,'a Senator, and Noble Man of Rome'),(1194,142,'Memicus',NULL,'Scevinus\'s Free-Man'),(1195,142,'1 Roman',NULL,NULL),(1196,142,'2 Roman',NULL,NULL),(1197,142,'3 Roman',NULL,NULL),(1198,142,'Poppea',NULL,'The Empresse'),(1199,176,'Frederick',NULL,'Son to the Duke'),(1200,176,'Curtius',NULL,'Frederick\'s Friend'),(1201,176,'Lorenzo',NULL,'A rich extravagant Lord, a kind of Favourite to Frederick'),(1202,176,'Antonio',NULL,'A Nobleman of Florence'),(1203,176,'Alberto',NULL,'His dear Friend, a Nobleman also'),(1204,176,'Pietro',NULL,'Man to Curtius'),(1205,176,'Galliard',NULL,'Servant to the Prince'),(1206,176,'Valet',NULL,'to Antonio'),(1207,176,'Clarina',NULL,'Wife to Antonio'),(1208,176,'Ismena',NULL,'Sister to Antonio, in love with Alberto'),(1209,176,'Laura',NULL,'Sister to Lorenzo, in love with Curtius'),(1210,176,'Cloris',NULL,'Sister to Curtius, disguis\'d like a Country Maid, in love with Frederick'),(1211,176,'Isabella',NULL,'Woman to Clarina'),(1212,176,'Lucia',NULL,'Maid to Cloris'),(1213,176,'Guilliam',NULL,'Man to Cloris, a Country-fellow'),(1214,348,'Alexander',NULL,'the Great'),(1215,348,'Ephestion',NULL,'a Youth extreamly belov\'d by him'),(1216,348,'Lysimachus',NULL,'a Great Captain'),(1217,348,'Cassander',NULL,'a Great Captain'),(1218,348,'Phillip',NULL,'a Great Captain'),(1219,348,'Oroondates',NULL,'King of Scythia'),(1220,348,'Araxis',NULL,'Oroondates\'s Confident'),(1221,348,'Bagistanes',NULL,'a Persian left Governour of Babilon by Alexander'),(1222,348,'Statira',NULL,'Darius\'s Daughter'),(1223,348,'Parisatis',NULL,'Darius\'s Daughter'),(1224,348,'Melanthe',NULL,'Woman to Statira'),(1225,282,'Queen Elizabeth',NULL,NULL),(1226,282,'Queen Mary',NULL,NULL),(1227,282,'Duke of Norfolk',NULL,NULL),(1228,282,'Morton',NULL,'Regent of Scotland'),(1229,282,'Cecil',NULL,NULL),(1230,282,'Davison',NULL,NULL),(1231,282,'Young Dowglas',NULL,NULL),(1232,282,'Gifford',NULL,NULL),(1233,225,'Priamus',NULL,'King of Troy'),(1234,225,'Hector',NULL,'Priamus\'s Son'),(1235,225,'Paris',NULL,'Priamus\'s Son'),(1236,225,'Troilus',NULL,'Priamus\'s Son'),(1237,225,'Agamemnon',NULL,'General of the Grecians'),(1238,225,'Achilles',NULL,'a great Champion of Greece'),(1239,225,'Ulysses',NULL,'a wise Councellor, and Captain'),(1240,225,'Diomedes',NULL,'a Valiant Confederate'),(1241,225,'Patroclus',NULL,'the belov\'d Friend of Achilles'),(1242,225,'Menelaus',NULL,'Husband to Helena'),(1243,225,'Ajax',NULL,'a Stout Champion'),(1244,225,'Helena',NULL,NULL),(1245,225,'Andromache',NULL,'the faithful Wife of Hector'),(1246,225,'Polyxena',NULL,'Priam\'s Daughter, belov\'d by Achilles'),(1247,225,'Cassandra',NULL,'Polyxena\'s Sister that prophesi\'d the Destruction of Troy'),(1248,396,'Sertorius',NULL,'Exil\'d from Rome, chose head of the Lusitanians, in opposition to Sylla'),(1249,396,'Bebricius',NULL,'A Lusitanian, true Friend to Sertorius'),(1250,396,'Tribunius',NULL,'Captain of Sertorius\'s Guards'),(1251,396,'Cassius',NULL,'A Roman Tribune'),(1252,396,'Norbanus',NULL,'An Exil\'d Roman Senator'),(1253,396,'Ligurius',NULL,'An Exil\'d Roman Senator'),(1254,396,'Crassus',NULL,'An Exil\'d Roman Senator'),(1255,396,'Decius',NULL,'An Exil\'d Roman Senator'),(1256,396,'Perpenna',NULL,'General of the Italian Bands: a Villain'),(1257,396,'Manlius',NULL,'Perpenna\'s Officer'),(1258,396,'Ausidius',NULL,'Perpenna\'s Officer'),(1259,396,'Grecinus',NULL,'Perpenna\'s Officer'),(1260,396,'Pompey',NULL,'A Roman General, of Sylla\'s Faction'),(1261,396,'Aquinius',NULL,'Pompey\'s Lieutenant'),(1262,396,'Terentia',NULL,'Wife to Sertorius'),(1263,396,'Fulvia',NULL,'Wife to Perpenna'),(1264,384,'Occus',NULL,'An old Humerous Lord'),(1265,384,'Beucer',NULL,'His Clerk'),(1266,384,'Hare',NULL,'A Debtor to Occus'),(1267,384,'Litus',NULL,'A Suitor to Berania'),(1268,384,'Harpes',NULL,'Litus his Ruffion'),(1269,384,'Petus',NULL,'A young Lord, afterwards Berania\'s Sweet-Heart'),(1270,384,'Lidorus',NULL,'A Lord, Friend to Petus'),(1271,384,'Marus',NULL,'Petus\'s Father'),(1272,384,'Lonus',NULL,'Litus\'s Father'),(1273,384,'Admetus',NULL,'A Virginia Tobacconist'),(1274,384,'King',NULL,NULL),(1275,384,'Chancellour',NULL,NULL),(1276,384,'Berania',NULL,'Daughter to Occus'),(1277,384,'Losana',NULL,'The Spightful Sister to Berania'),(1278,384,'Thele',NULL,'Waiting-Maid to Losana'),(1279,384,'Hacca',NULL,'Waiting-Maid to Berania'),(1280,384,'Sarah',NULL,'An old Sweet-Heart to Beucer'),(1281,384,'Winifred',NULL,'Sarah\'s Humerous Mother'),(1282,341,'Camillo',NULL,'an old severe Father'),(1283,341,'Pacheco',NULL,'Camillo\'s Son, a fop and a reformer'),(1284,341,'Tutor',NULL,'to Pacheco, an English-man'),(1285,341,'Antonio',NULL,'a Reformer'),(1286,341,'Pedro',NULL,'a Reformer'),(1287,341,'Leandro',NULL,'in love with Ismena'),(1288,341,'Lysander',NULL,'Husband to Juliana'),(1289,341,'Pisauro',NULL,'Gallant to Juliana, a Reformer'),(1290,341,'Boy',NULL,'to Antonio'),(1291,341,'Mariana',NULL,'daughter to Camillo'),(1292,341,'Ismena',NULL,'daughter to Camillo'),(1293,341,'Juliana',NULL,'wife to Lysander'),(1294,341,'Lelia',NULL,'Cozen to Juliana'),(1295,341,'Aemilia',NULL,'Mistriss to Lysander'),(1296,341,'Nurse',NULL,NULL),(1297,341,'Lucia',NULL,'Servant to Aemilia'),(1298,210,'Queen Elizabeth',NULL,NULL),(1299,210,'1 Bishop',NULL,'Protestant'),(1300,210,'2 Bishop',NULL,'Protestant'),(1301,210,'A Lord',NULL,'General to the Queen'),(1302,210,'Another Lord',NULL,NULL),(1303,210,'1 Popish Cardinal',NULL,NULL),(1304,210,'2 Popish Cardinal',NULL,NULL),(1305,210,'Tim',NULL,'a Tinker'),(1306,210,'Brush',NULL,'a Cooper'),(1307,210,'Honey-Suckle',NULL,'a Cook'),(1308,210,'The Pope',NULL,NULL),(1309,210,'Devil',NULL,NULL),(1310,210,'1 Jesuit',NULL,'designed to kill the Queen'),(1311,210,'2 Jesuit',NULL,'designed to kill the Queen'),(1312,210,'Dulcemente',NULL,'a Nun, Ravished by the Pope'),(1313,210,'Cardinal Moricena',NULL,'Dulcemente\'s Father'),(1314,210,'1 Ghost',NULL,NULL),(1315,210,'2 Ghost',NULL,NULL),(1316,210,'1 Devil',NULL,NULL),(1317,210,'2 Devil',NULL,NULL),(1318,401,'Alexius Comnenus',NULL,'only Son of Manuel, whom he succeeded in the Empire of Constantinople'),(1319,401,'Protosebastus',NULL,'second husband to the Empresse-Mother Xene'),(1320,401,'Andronicus Comnenus',NULL,'a Prince of the blood, banisht by Manuel, who was afterwards the Unfortunate Usurper'),(1321,401,'Isaacius Angelus',NULL,'Successor to Andronicus, but one who had a truer Title to the Empire'),(1322,401,'Manuel',NULL,'second Son to Andronicus'),(1323,401,'Conto-Stephanus',NULL,'the great Duke, Admiral of the Galleys'),(1324,401,'Theodorus',NULL,'a Religious Patriarch'),(1325,401,'Basilius',NULL,'one who was unworthy of that sacred name (Bishop) which he had'),(1326,401,'Trypsicus Constantinus',NULL,'Grecian Lord'),(1327,401,'Mamulus',NULL,'Grecian Lord'),(1328,401,'Dutas',NULL,'Grecian Lord'),(1329,401,'Lapardas',NULL,'Grecian Lord'),(1330,401,'Hagio Christophorites',NULL,'a Captain'),(1331,401,'Amphoreus',NULL,'Tutor to the Emperor Alexius'),(1332,401,'Seth',NULL,'a Conjurer'),(1333,401,'Daemon',NULL,NULL),(1334,401,'Xene',NULL,'the Empress Dowager, who, after Manuel\'s death, Married Protosebastus a voluptuous Epicure'),(1335,401,'Maria Caesarissa',NULL,'Daughter to Manuel'),(1336,152,'Romulus',NULL,'King of Rome'),(1337,152,'Hostilius',NULL,'A Noble Roman his Friend'),(1338,152,'Spurius Tarpeius',NULL,'Commander of a Fort in Rome'),(1339,152,'Tatius',NULL,'General of the Sabines'),(1340,152,'Curtius',NULL,'A Commander of Note in the Sabine Army'),(1341,152,'Hersilia',NULL,'Daughter of Tatius, and Wife to Romulus'),(1342,152,'Feliciana',NULL,'Hersilia\'s Sister, young and Innocent'),(1343,152,'Tarpeia',NULL,'Daughter of Tarpeius'),(1344,152,'Portia',NULL,'A Sabine Lady attending Hersilia'),(1345,152,'Cloe',NULL,'A Sabine Lady attending Hersilia'),(1346,152,'Cornelia',NULL,'A Sabine Lady attending Hersilia'),(1347,151,'Marforio',NULL,'An old Rich Neapolitan Doctor of Physick; in Love with Florimel'),(1348,151,'Father Turbin',NULL,'A Lascivious Fryar, but hath the Vogue of Holy; in Love with Florimel'),(1349,151,'Father Lupin',NULL,'Father Turbin\'s Comrade, in Love with Isabella'),(1350,151,'Senior Ronsard',NULL,'An Italian old Gentleman, Father to Florimel'),(1351,151,'The Pope',NULL,NULL),(1352,151,'Old Cross',NULL,'a Jesuit and great Negromancer'),(1353,151,'The Ghost of Pope Clement the First',NULL,NULL),(1354,151,'The Ghost of Pope Boniface the Eighth',NULL,NULL),(1355,151,'The Ghost of Pope Gregory the Third',NULL,NULL),(1356,151,'The Ghost of Pope Innocent the Third',NULL,NULL),(1357,151,'The Ghost of Pope Joan',NULL,NULL),(1358,151,'Florimel',NULL,'An Airy young Lady, Daughter to Ronsard, Married afterwards to Marforio, in Love with Father Turbin'),(1359,151,'Isabella',NULL,'Florimel\'s woman, in Love with Father Lupin'),(1360,151,'1 Woman',NULL,'a Neighbour'),(1361,151,'2 Woman',NULL,'a Neighbour'),(1362,343,'Henry the Fourth',NULL,'Emperour of Germany'),(1363,343,'Henry V',NULL,'The Emperour\'s Son'),(1364,343,'Conrade',NULL,'The Emperour\'s Son'),(1365,343,'Magnus',NULL,'a Saxon Noble'),(1366,343,'Rodolphys',NULL,'a Saxon Noble'),(1367,343,'Frederick',NULL,'a Saxon Noble'),(1368,343,'Otho',NULL,'a Saxon Noble'),(1369,343,'Hildebrand',NULL,'Pope Gregory the Seventh'),(1370,343,'Victor',NULL,'A Cardinal'),(1371,343,'Prudentio',NULL,'a Noble of Italie'),(1372,343,'Honorio',NULL,'a Noble of Italie'),(1373,343,'Junio',NULL,'a Noble of Italie'),(1374,343,'Brazutus',NULL,'An Emperick'),(1375,343,'Jocoso',NULL,'Brazutus\'s Man'),(1376,343,'Sophrona',NULL,'The Empresse'),(1377,343,'Aurelia',NULL,'Sophrona\'s Daughter'),(1378,343,'Sylvia',NULL,'Aurelia\'s Maid of Honour'),(1379,343,'Madam Matilda',NULL,'a great Court Lady'),(1380,240,'Teimurazez',NULL,'Prince of Georgia, Excommunicated by the Pope'),(1381,240,'Morinus',NULL,'Friend to the Prince, and Zealous for the establish\'t Religion and Government'),(1382,240,'Brizander',NULL,'Friend to the Prince, and Zealous for the establish\'t Religion and Government'),(1383,240,'Salvirus',NULL,'Another of the Prince\'s Friends, poyson\'d by Zolazer'),(1384,240,'Piazer',NULL,'A Divine of the Grecian Church: A fierce Preacher and Writer against the Papists, most unmercifully Murther\'d by some of the Conspirators'),(1385,240,'Polidorus',NULL,'General of the Prince\'s Forces, who by the instigation of the Pope, Conspires the Prince\'s Death, and the Subversion of the Grecian Religion: For the better carrying on of this Design, he insinuates himself into the favour and good opinion of Teimurazez, pretending to be of the Grecian Church, though really he\'s of none at all'),(1386,240,'Zolazer',NULL,'Governor of the Tower, a disguis\'d Papist, another of the Pope\'s creatures'),(1387,240,'Miletas',NULL,'At first one of the Conspirators, but travelling into England, was there converted to the Protestant Religion; and afterwards returning to Georgia, discoverd the whole Conspiracy'),(1388,240,'Pedro',NULL,'Servant to Miletas'),(1389,240,'Dubois',NULL,'a Jesuit employ\'d by the Pope to propagate the Popish Religion in Georgia, and to whose care the pretended Relique of Queen Ceteba was committed'),(1390,240,'Lucan',NULL,'a Jesuit employ\'d by the Pope to propagate the Popish Religion in Georgia, and to whose care the pretended Relique of Queen Ceteba was committed'),(1391,240,'Tyrone',NULL,'a Jesuit employ\'d by the Pope to propagate the Popish Religion in Georgia, and to whose care the pretended Relique of Queen Ceteba was committed'),(1392,240,'Lumbus',NULL,'a Jesuit employ\'d by the Pope to propagate the Popish Religion in Georgia, and to whose care the pretended Relique of Queen Ceteba was committed'),(1393,240,'Ceteba',NULL,'Queen Dowager of Georgia, an Amorous old Woman, in love with Polidorus, and in hopes of obliging him, is a great furtherer of the Conspiracy against her Son'),(1394,240,'Maada',NULL,'Maid of Honour to the Queen, and taken prisoner with her'),(1395,240,'Cosmelia','Melanthus','Known for some time by the name of Melanthus; She was Wife to Miletas, in whose absence Polidorus intic\'d her to be his Miss; and afterwards growing weary of her, forceth her to serve him in a mans habit'),(1396,198,'Sir Timothy Treat-all',NULL,'An old Seditious Knight that keeps open House for Commonwealths-men and true blue Protestants--He is Uncle to Tom Wilding'),(1397,198,'Tom Wilding',NULL,'A Tory.--Timothy\'s discarded Nephew'),(1398,198,'Sir Anthony Meriwill',NULL,'An old Tory Knight of Devonshire'),(1399,198,'Sir Charles Meriwill',NULL,'His Nephew, a Tory also, in love with Lady Galliard, and Friend to Wilding'),(1400,198,'Dresswell',NULL,'A young Gentleman, Friend to Wilding'),(1401,198,'Fopington',NULL,'A Hanger on on Wilding'),(1402,198,'Jervice',NULL,'Man to Sir Timothy'),(1403,198,'Lady Galliard',NULL,'A rich City-Widow in love with Wilding'),(1404,198,'Charlot',NULL,'The City-Heiress in love with Wilding'),(1405,198,'Diana',NULL,'Mistress to Wilding, and kept by him'),(1406,198,'Mrs. Clacket',NULL,'A City-Bawd and Puritan'),(1407,198,'Mrs. Closet',NULL,'Woman to Lady Galliard'),(1408,222,'Lord Loveless',NULL,'Gallant to Mrs. Saleware'),(1409,222,'Sir Oliver Thrivewell',NULL,NULL),(1410,222,'George Careless',NULL,'Sir Oliver\'s Nephew'),(1411,222,'Mr. Saveall',NULL,'Friend to Sir Oliver'),(1412,222,'Tom Saleware',NULL,'A Citizen'),(1413,222,'Watt',NULL,'Man to Mr. Careless'),(1414,222,'Sim',NULL,'An old Butler to Sir Oliver'),(1415,222,'The Lady Thrivewell',NULL,'Wife to Sir Oliver'),(1416,222,'Clara','Bellamy','Lady Thrivewell\'s Sister, in Love with Lord Loveless, disguis\'d like his Page, and call\'d Bellamy'),(1417,222,'Mrs. Crostill',NULL,'a rich young Widow, in love with Careless'),(1418,222,'Mrs. Phebe Gimcrack',NULL,'Miss to Careless'),(1419,222,'Betty',NULL,'Maid to the Widow'),(1420,222,'Closett',NULL,'House-keeper to Sir Oliver'),(1421,222,'Alitia',NULL,'Wife to Saleware'),(1422,222,'A Servant Maid',NULL,NULL),(1423,222,'A Prentice',NULL,NULL),(1424,222,'1 Chair-man',NULL,NULL),(1425,222,'2 Chair-man',NULL,NULL),(1426,222,'A Footman',NULL,NULL),(1427,233,'Amorosio',NULL,'A Nobleman of Spain'),(1428,233,'Marcel',NULL,'Amorosio\'s Son'),(1429,233,'Silvio',NULL,'Supposed bastard Son to Ambrosio'),(1430,233,'Antonio',NULL,'A German that has debauch\'d Hippolyta'),(1431,233,'Alonzo',NULL,'A Flaunders Colonel contracted to Hippolyta, and newly arrived at Madrid'),(1432,233,'Lovis',NULL,'Alonzo\'s friend'),(1433,233,'Carlo',NULL,'Father to Lovis, and Euphemia'),(1434,233,'Haunce van Ezel',NULL,'A Dutch Fop contracted to Euphemia, newly arrived at Madrid'),(1435,233,'Gload',NULL,'Haunce\'s Cash-keeper'),(1436,233,'Pedro',NULL,'An old servant to Alonzo'),(1437,233,'Euphemia',NULL,'In love with Alonzo'),(1438,233,'Hippolyta',NULL,'In love with Antonio, Daughter to Ambrosio'),(1439,233,'Cleonte',NULL,'In love with Silvio, Daughter to Ambrosio'),(1440,233,'Clarinda',NULL,'Sister unknown to Alonzo in love with Marcel'),(1441,233,'Dormida',NULL,'Clarinda\'s Governess'),(1442,233,'Francisca',NULL,'Woman to Cleonte'),(1443,233,'Olinda',NULL,'Maid to Euphemia'),(1444,233,'Dorice',NULL,'Maid to Euphemia'),(1445,245,'Don Carlos',NULL,'Governour of Cadez, young and rich, in love with Julia'),(1446,245,'Antonio',NULL,'A Merchant, young and rich, Friend to Carlos, in love with Clara, promis\'d to Isabella'),(1447,245,'Francisco',NULL,'Old and rich, Husband to Julia and Father to Isabella'),(1448,245,'Baltazer',NULL,'Father to Julia and Clara'),(1449,245,'Sebastian',NULL,'Father to Antonio'),(1450,245,'Guzman',NULL,'Gentleman to Carlos'),(1451,245,'Guiliom',NULL,'A Chimney Sweeper; the False Count'),(1452,245,'1 Page',NULL,'An overgrown Page to the False Count'),(1453,245,'2 Page',NULL,'An overgrown Page to the False Count'),(1454,245,'Petro',NULL,'Cashier to Antonio'),(1455,245,'Captain',NULL,'Of a Gally'),(1456,245,'1 Seaman',NULL,NULL),(1457,245,'2 Seaman',NULL,NULL),(1458,245,'Lopez',NULL,'Servant to Baltazer'),(1459,245,'Julia',NULL,'Wife to Francisco; young and hansom, in love with Carlos'),(1460,245,'Clara',NULL,'Sister to Julia, in love with Antonio'),(1461,245,'Isabella',NULL,'Daughter to Francisco; proud, vain and foolish, despising all men under the degree of Quality, and falls in love with Guiliom'),(1462,245,'Jacinta',NULL,'Woman to Julia'),(1463,253,'King',NULL,NULL),(1464,253,'Philander',NULL,'the King\'s son betrothed to Erminia'),(1465,253,'Alcippus',NULL,'Favorite, in love with Erminia'),(1466,253,'Orguilious',NULL,'late General father to Erminia'),(1467,253,'Alcander',NULL,'friend to the Prince, in love with Aminta'),(1468,253,'Pisauro',NULL,'friend to the young General Alcippus'),(1469,253,'Falatio',NULL,'a Phantastick Courtier'),(1470,253,'La Bree',NULL,'Falatio\'s Man'),(1471,253,'Cleontius',NULL,'Servant to the Prince, and Brother to Isillia'),(1472,253,'Galatea',NULL,'Daughter to the King'),(1473,253,'Erminia',NULL,'Daughter to Orguilious espous\'d to the Prince'),(1474,253,'Aminta',NULL,'Sister to Pisauro in love with Alcander'),(1475,253,'Olinda',NULL,'Sister to Alcander, Maid of Honour to the Princess'),(1476,253,'Isillia',NULL,'Sister to Cleontius, woman to Erminia'),(1477,253,'Lysette',NULL,'woman to Aminta'),(1478,300,'Sir Feeble Fainwou\'d',NULL,'An old Alderman to be married to Leticia'),(1479,300,'Sir Cautious Fulbank',NULL,'An old Banker married to Julia'),(1480,300,'Mr. Gayman',NULL,'A Spark of the Town, Lover of Julia'),(1481,300,'Mr. Belmour',NULL,'Contracted to Leticia disguis\'d, and presses for Sir Feeble\'s Nephew'),(1482,300,'Mr. Bearjest',NULL,'Nephew to Sir Cautious, a Fop'),(1483,300,'Captain Noysey',NULL,'Bearjest\'s Companion'),(1484,300,'Mr. Bredwel',NULL,'Prentice to Sir Cautious, and Brother to Leticia, in love with Diana'),(1485,300,'Rag',NULL,'Footman to Gayman'),(1486,300,'Ralph',NULL,'Footman to Sir Feeble'),(1487,300,'Dick',NULL,'Footman to Sir Cautious'),(1488,300,'Lady Fulbank',NULL,'In love with Gayman, honest and generous'),(1489,300,'Leticia',NULL,'Contracted to Belmour, married to Sir Feeble, young and vertuous'),(1490,300,'Diana',NULL,'Daughter to Sir Feeble, in love with Bredwel vertuous'),(1491,300,'Pert',NULL,'Lady Fulbank\'s Woman'),(1492,300,'Gammer Grime',NULL,'Landlady to Gayman, a Smith\'s Wife in Alsaria'),(1493,355,'Lord Fleetwood',NULL,'Competitor for the Crown'),(1494,355,'Lord Lambert',NULL,'Competitor for the Crown, General of the Army'),(1495,355,'Lord Wariston',NULL,'Chairman of the Committee of Safety'),(1496,355,'Hewson',NULL,'Commander and Committee man'),(1497,355,'Desbro',NULL,'Commander and Committee man'),(1498,355,'Duckingfield',NULL,'Commander and Committee man'),(1499,355,'Corbet',NULL,'Commander and Committee man'),(1500,355,'Lord Witlock',NULL,NULL),(1501,355,'Ananias Gogle',NULL,'Lay Elder of Clements Parish'),(1502,355,'Corporal Right',NULL,'An Oliverian Commander, but honest, and a Cavelier in his heart'),(1503,355,'Loveless',NULL,'A Royalist, a man of Honor, loves Lady Lambert'),(1504,355,'Freeman',NULL,'Loveless\'s friend of the same Character in love with Lady Desbro'),(1505,355,'Lady Lambert',NULL,'In love with Loveless'),(1506,355,'Lady Desbro',NULL,'In love with Freeman'),(1507,355,'Lady Fletwood',NULL,NULL),(1508,355,'Lady Cromwell',NULL,NULL),(1509,355,'Gilliflower',NULL,'Lady Lamberts Old Woman'),(1510,356,'Don Antonio',NULL,'The Vice-Roy\'s Son'),(1511,356,'Don Pedro',NULL,'A Noble Spaniard, Don Antonio\'s Friend'),(1512,356,'Belvile',NULL,'An English Colonel in Love with Florinda'),(1513,356,'Willmore',NULL,'The Rover'),(1514,356,'Frederick',NULL,'An English Gentleman, and Friend to Belvile and Blunt'),(1515,356,'Blunt',NULL,'An English Country Gentleman'),(1516,356,'Stephano',NULL,'Servant to Don Pedro'),(1517,356,'Philippo',NULL,'Lucetta\'s Gallant'),(1518,356,'Sancho',NULL,'Pimp to Lucetta'),(1519,356,'Biskey',NULL,'A Bravo to Angellica'),(1520,356,'Sebastian',NULL,'A Bravo to Angellica'),(1521,356,'Page',NULL,'To Don Antonio'),(1522,356,'Florinda',NULL,'Sister to Don Pedro'),(1523,356,'Hellena',NULL,'A gay Young Woman design\'d for a Nun, and Sister to Florinda'),(1524,356,'Valeria',NULL,'A Kinswoman to Florinda'),(1525,356,'Angellica Bianca',NULL,'A Famous Courtizan'),(1526,356,'Callis',NULL,'Governess to Florinda and Hellena'),(1527,356,'Lucetta',NULL,'A Jilting Wench'),(1528,357,'Willmore',NULL,'The Rover in Love with La Nuche'),(1529,357,'Beaumond',NULL,'The English Ambassadors Nephew in Love with La Nuche, Contracted to Ariadne'),(1530,357,'Ned Blunt',NULL,'An English Country Gentleman'),(1531,357,'Nicholas Fetherfool',NULL,'An English Esquire; Blunt\'s friend'),(1532,357,'Shift',NULL,'An English Lieutenant'),(1533,357,'Hunt',NULL,'An Ensign, Friend and Officer to Willmore'),(1534,357,'Harliquin',NULL,'Willmore\'s Man'),(1535,357,'Abevile',NULL,'Page to Beaumond'),(1536,357,'Don Carlo',NULL,'An old Grandee, in Love with La Nuche'),(1537,357,'Ariadne',NULL,'The English Ambassadors Daughter-in-law, in Love with Willmore'),(1538,357,'Lucia',NULL,'Her Kinswoman, a Girl'),(1539,357,'La Nuche',NULL,'A Spanish Curtezan, in Love with the Rover'),(1540,357,'Petronella Elenora',NULL,'Her Bawd'),(1541,357,'Aurelia',NULL,'Petronella Elenora\'s Woman'),(1542,357,'Sancho',NULL,'Petronella Elenora\'s Bravo'),(1543,357,'An old Jew',NULL,'Guardian to the two Monsters'),(1544,357,'A Woman Giant',NULL,NULL),(1545,357,'A Dwarf',NULL,'the Giant\'s Sister'),(1546,357,'Scaramouche',NULL,NULL),(1547,334,'Galen Junior',NULL,'a Physitian'),(1548,334,'Agrippa',NULL,'a Conjurer'),(1549,334,'Lucifer',NULL,'the Prince of Devils'),(1550,334,'Lucifuga',NULL,'Page to Lucifer'),(1551,334,'Aristotle Junior',NULL,'a Scholar'),(1552,334,'Fear',NULL,'Servant to Devotion'),(1553,334,'Ignoro',NULL,'a Lawyer'),(1554,334,'Magnifico',NULL,'a Souldier'),(1555,334,'Madam Hypocrisie',NULL,NULL),(1556,334,'Pretty',NULL,'Hypocrisie\'s Maid'),(1557,334,'Mr. Complement',NULL,'a Courtier'),(1558,334,'Mr. Demure',NULL,'a Citizen'),(1559,334,'Gaffer High-shooe',NULL,'a Countryman'),(1560,334,'Mr. See Senior',NULL,'a Spaniard'),(1561,334,'Monsieur Kickshaw',NULL,'a Frenchman'),(1562,334,'A Beggar',NULL,NULL),(1563,334,'A Bag-piper',NULL,NULL),(1564,334,'An Orange-maid',NULL,NULL),(1565,334,'My Lord Liberal',NULL,NULL),(1566,334,'Mrs. Dorothy',NULL,'Lord Liberal\'s Nice'),(1567,334,'An Angel',NULL,NULL),(1568,334,'F. Wallys',NULL,'a Jesuit'),(1569,334,'Sr. John Wit-little',NULL,NULL),(1570,334,'The singing Cobler',NULL,NULL),(1571,334,'Pursevant',NULL,NULL),(1572,334,'Constable',NULL,NULL),(1573,334,'F. Tompson',NULL,'a Jesuit'),(1574,334,'A poor man',NULL,'as possessed'),(1575,334,'Father John Barnes',NULL,'a Benedictine'),(1576,334,'One counterfeiting a damned Spirit',NULL,NULL),(1577,334,'Mr. Ninny',NULL,'an Anabaptist'),(1578,334,'Father Prior',NULL,'a Monk'),(1579,334,'Father Nelson',NULL,'a Monk'),(1580,334,'Father Robert',NULL,'a Monk'),(1581,334,'Key-Keeper',NULL,NULL),(1582,334,'Don Lewis',NULL,'a Prisoner'),(1583,334,'A Page',NULL,NULL),(1584,334,'A little Girl that sings',NULL,NULL),(1585,334,'A Woman in a mean Habit',NULL,NULL),(1586,334,'A Boy',NULL,NULL),(1587,334,'1 Monk',NULL,'a Dancer'),(1588,334,'2 Monk',NULL,'a Dancer'),(1589,334,'Clement',NULL,'a Jacobin Frier, a Dancer'),(1590,334,'Barrier',NULL,'a Dancer'),(1591,334,'Raviliack',NULL,'a Dancer'),(1592,334,'Guido Vaux',NULL,'a Dancer'),(1593,334,'Tony',NULL,'a Dancer'),(1594,334,'A little Jesuit',NULL,'a Dancer'),(1595,334,'A little Monk',NULL,NULL),(1596,334,'Drawer',NULL,NULL),(1597,95,'Phocas',NULL,'Emperor of the East, by usurpation upon Mauritius'),(1598,95,'Heraclius','Martian','Son to the deceased Emperor Mauritius, but taken for Martian the Son of Phocas; in love with Eudoxia'),(1599,95,'Martian','Leontius','Son to Phocas, but taken for Leontius, Leontina\'s Son; in love with Pulcheria'),(1600,95,'Pulcheria',NULL,'Daughter to the Emperor Mauritius; in love with Martian'),(1601,95,'Leontina',NULL,'A Lady, sometime Governess of the two Princes, Heraclius and Martian'),(1602,95,'Eudoxia',NULL,'Leontina\'s Daughter, in love with Heraclius'),(1603,95,'Crispus',NULL,'Phocas his Son-in-Law'),(1604,95,'Exuperius',NULL,'A Noble-man of Constantinople'),(1605,95,'Amintas',NULL,'Exuperius\'s Friend');
/*!40000 ALTER TABLE `role` ENABLE KEYS */;
UNLOCK TABLES;

--
-- Table structure for table `roleperson`
--

DROP TABLE IF EXISTS `roleperson`;
/*!40101 SET @saved_cs_client     = @@character_set_client */;
/*!50503 SET character_set_client = utf8mb4 */;
CREATE TABLE `roleperson` (
  `idRole` int(11) NOT NULL,
  `idPerson` int(11) NOT NULL,
  PRIMARY KEY (`idRole`,`idPerson`),
  KEY `idRolePersonP_idx` (`idPerson`),
  KEY `idRolePersonR_idx` (`idRole`),
  CONSTRAINT `fkRolePersonP` FOREIGN KEY (`idPerson`) REFERENCES `person` (`idPerson`) ON DELETE NO ACTION ON UPDATE NO ACTION,
  CONSTRAINT `fkRolePersonR` FOREIGN KEY (`idRole`) REFERENCES `role` (`idRole`) ON DELETE NO ACTION ON UPDATE NO ACTION
) ENGINE=InnoDB DEFAULT CHARSET=utf8;
/*!40101 SET character_set_client = @saved_cs_client */;

--
-- Dumping data for table `roleperson`
--

LOCK TABLES `roleperson` WRITE;
/*!40000 ALTER TABLE `roleperson` DISABLE KEYS */;
/*!40000 ALTER TABLE `roleperson` ENABLE KEYS */;
UNLOCK TABLES;

--
-- Table structure for table `transcription`
--

DROP TABLE IF EXISTS `transcription`;
/*!40101 SET @saved_cs_client     = @@character_set_client */;
/*!50503 SET character_set_client = utf8mb4 */;
CREATE TABLE `transcription` (
  `idTranscription` int(11) NOT NULL,
  `TranscriptionXML` mediumtext,
  `link` varchar(200) DEFAULT NULL,
  `idPublication` int(11) DEFAULT NULL,
  `Transcriber` int(11) DEFAULT NULL,
  `SourceLibrary` varchar(100) DEFAULT NULL,
  `SourceLocation` point DEFAULT NULL,
  `SourceCallNumber` varchar(45) DEFAULT NULL,
  PRIMARY KEY (`idTranscription`),
  KEY `idTransPub_idx` (`idPublication`),
  KEY `idTranscriber_idx` (`Transcriber`),
  CONSTRAINT `fkTransPub` FOREIGN KEY (`idPublication`) REFERENCES `publication` (`idPublication`) ON DELETE NO ACTION ON UPDATE NO ACTION,
  CONSTRAINT `fkTranscriber` FOREIGN KEY (`Transcriber`) REFERENCES `person` (`idPerson`) ON DELETE NO ACTION ON UPDATE NO ACTION
) ENGINE=InnoDB DEFAULT CHARSET=utf8;
/*!40101 SET character_set_client = @saved_cs_client */;

--
-- Dumping data for table `transcription`
--

LOCK TABLES `transcription` WRITE;
/*!40000 ALTER TABLE `transcription` DISABLE KEYS */;
INSERT INTO `transcription` VALUES (1,NULL,'Ravenscroft_Titus.xml',1,1001,NULL,NULL,NULL),(2,NULL,'Villiers_ChancesAlt',2,1001,'Folger Shakespeare Library',NULL,'F1338');
/*!40000 ALTER TABLE `transcription` ENABLE KEYS */;
UNLOCK TABLES;

--
-- Table structure for table `userinfo`
--

DROP TABLE IF EXISTS `userinfo`;
/*!40101 SET @saved_cs_client     = @@character_set_client */;
/*!50503 SET character_set_client = utf8mb4 */;
CREATE TABLE `userinfo` (
  `idUserInfo` int(11) NOT NULL,
  `UserName` varchar(45) DEFAULT NULL,
  `Password` varchar(45) DEFAULT NULL,
  PRIMARY KEY (`idUserInfo`)
) ENGINE=InnoDB DEFAULT CHARSET=utf8;
/*!40101 SET character_set_client = @saved_cs_client */;

--
-- Dumping data for table `userinfo`
--

LOCK TABLES `userinfo` WRITE;
/*!40000 ALTER TABLE `userinfo` DISABLE KEYS */;
/*!40000 ALTER TABLE `userinfo` ENABLE KEYS */;
UNLOCK TABLES;
/*!40103 SET TIME_ZONE=@OLD_TIME_ZONE */;

/*!40101 SET SQL_MODE=@OLD_SQL_MODE */;
/*!40014 SET FOREIGN_KEY_CHECKS=@OLD_FOREIGN_KEY_CHECKS */;
/*!40014 SET UNIQUE_CHECKS=@OLD_UNIQUE_CHECKS */;
/*!40101 SET CHARACTER_SET_CLIENT=@OLD_CHARACTER_SET_CLIENT */;
/*!40101 SET CHARACTER_SET_RESULTS=@OLD_CHARACTER_SET_RESULTS */;
/*!40101 SET COLLATION_CONNECTION=@OLD_COLLATION_CONNECTION */;
/*!40111 SET SQL_NOTES=@OLD_SQL_NOTES */;

-- Dump completed on 2020-03-01 19:57:16
