<?xml version="1.0" encoding="UTF-8"?>
<?xml-model href="../out/TestOdd.rng" type="application/xml" schematypens="http://relaxng.org/ns/structure/1.0"?>
<TEI xmlns="http://www.tei-c.org/ns/1.0">
    <text>
        <front>
            <titlePage>
                <testTag1 ref="#pt403">
                    <titlePartMain>
                        <line>This was done using individual attributes:</line>
                        <!--<line>-->
                        <!--</line>-->
                        <line font="font-size:15px">FONT SIZE 15px</line>
                        <line font="font-size:25px;" color="color:red;" style="font-style:italic">FONT SIZE 25px, RED, ITALIC</line>
                        <line>-     </line>
                            <hr class="hr_class" id="hr_id">1</hr>
                    </titlePartMain>
                    <titlePartSub>
                        <line>This was done by putting all of the values inside the style attribute:</line>
                        <line style="font-size:50px; color:blue; font-style:italic; text-align:center">Line With STYLE</line>
                        <line>Line with no attributes.</line>
                        <line>-     </line>
                            <hr class="hr_class" id="hr_id">2</hr>
                   </titlePartSub>
                    <titlePartDesc>
                        <line>This was done using the class and id attributes and formatting with css:</line>
                        <line class="css_class_test" id="css_id1_test">First Line - Italic, Darl Blue 20px</line>
                        <line class="css_class_test" id="css_id2_test">Second Line - Normal, Cyan 30px Bold</line>
                        <hr>3</hr>
                        <line class="css_class_test" id="css_id3_test">Third Line - Italic, 20px</line>
                        <line class="css_class_test" id="css_id4_test">Fourth Line - Normal, Crimson 40px Bold</line>
                        <line class="css_class_test" id="css_id5_test">Fifth Line - Italic, Dark Red 50px</line>
                        <line>-     </line>
                    </titlePartDesc>
                </testTag1>
                <testTag2>
                    <l>
                        <seg>Written by </seg>
                        <seg>
                            <docAuthor>
                                <name ref="#p8" rend="italic">John Bankes.</name>
                            </docAuthor>
                        </seg>
                    </l>
                    <hr>4</hr>
                </testTag2>
                <testTag3>
                    <p>
                        <line>
                            <italic>&#8212; quinimios optabat Honores,</italic>
                        </line>
                        <line>
                            <italic>Et nimias poscebat Opes, numerousa parabat</italic>
                        </line>
                        <line>
                            <italic>Excelsæ turris tabulata, unde altior esset</italic>
                        </line>
                        <line>
                            <seg>
                                <italic>Casus amp; impulsæ præceps immane Ruinæ</italic>
                            </seg>
                            <seg>. </seg>
                            <seg>
                                <bibl>
                                    <seg>
                                        <author>Juven.</author>
                                    </seg>
                                    <seg>
                                        <title type="short">Sat.</title>
                                    </seg>
                                    <seg>
                                        <biblScope unit="page">10.</biblScope>
                                    </seg>
                                </bibl>
                            </seg>
                        </line>
                    </p>
                    <hr class="css_hrclass_test" id="css_hrid5_test">5</hr>
                </testTag3>
                <testTag4>
                    <line>
                        <seg>
                            <placeName>
                                <font1>
                                    <italic>London</italic>
                                </font1>
                            </placeName>
                        </seg>
                        <seg>
                            <font1>,</font1>
                        </seg>
                    </line>
                    <line>
                        <seg>Printed for </seg>
                        <seg>
                            <name type="person" ref="#p154">
                                <italic>Richard Bentley </italic>
                            </name>
                        </seg>
                        <seg>and </seg>
                        <seg>
                            <name type="person" ref="#p155">Mary Magnes </name>
                        </seg>
                        <seg>in </seg>
                        <seg>
                            <placeName ref="l17">
                                <italic>Russel-street</italic>
                            </placeName>
                        </seg>
                    </line>
                    <line>
                        <seg>near the </seg>
                        <seg>
                            <italic>Piazza </italic>
                        </seg>
                        <seg>in </seg>
                        <seg>
                            <italic>Covent-Garden</italic>
                        </seg>
                        <seg>, 1682.</seg>
                    </line>
                </testTag4>
            </titlePage>
        </front>
    </text>
</TEI>
            
            
            
            
            
