<?xml version="1.0" encoding="UTF-8"?>
<?xml-model href="../out/TestOdd.rng" type="application/xml" schematypens="http://relaxng.org/ns/structure/1.0"?>
<TEI xmlns="http://www.tei-c.org/ns/1.0">
    <teiHeader>
        <fileDesc>
            <titleStmt>
                <title>Placeholder</title>
                <author>Placeholder</author>
                <editor>Lauren Liebe</editor>
                <funder></funder>
            </titleStmt>
            <editionStmt>
                <edition n="1"></edition>
                <editor>Lauren Liebe</editor>
                <respStmt>
                    <resp></resp>
                    <name ref="#p1001">Lauren Liebe</name>
                </respStmt>
            </editionStmt>
            <publicationStmt>
                <publisher>Digital Restoration Drama</publisher>
                <address>
                    <addrLine>
                        <!--Website goes here-->
                    </addrLine>
                    <addrLine>
                        <!--email goes here-->
                    </addrLine>
                </address>
                <availability>
                    <licence target="http://creativecommons.org/licenses/by-sa/4.0/">Distributed under a Creative Commons Attribution-ShareAlike 4.0 International License.</licence>
                </availability>
                <date>
                    <!--Date of publication/upload goes here -->
                </date>
            </publicationStmt>
            <seriesStmt>
                <title>Digital Restoration Drama</title>
            </seriesStmt>
        </fileDesc>
    </teiHeader>
    <text>
        <front>
            <titlePartMain>Content In Progress</titlePartMain>
        </front>
        <body>
            <p>Thank you for visiting Digital Restoration Drama!</p>
            <p>The play you are looking for has not been transcribed yet. </p>
            <p>In the meantime, please visit the following completed texts:</p>
            <p>
                <seg>Banks, John. </seg>
                <seg rend="italic">The Unhappy Favourite.</seg>
            </p>
            <p>
                <seg>Ravenscroft, Edward. </seg>
                <seg rend="italic">Titus Andronicus; or, The Rape of Lavinia.</seg>
            </p>
            <p>If you are interested in seeing a particular play text moved to the front of the queue for teaching or research purposes, please email digitalrestorationdrama@gmail.com and we will do our best to accommodate your request.</p>
        </body>
    </text>
</TEI>